Demographic_Category,Loan_Category,Loan_Amount_Issued
TEEN,PERSONAL,8000
TEEN,PERSONAL,8000
TEEN,PERSONAL,8000
TEEN,PERSONAL,8000
TEEN,PERSONAL,8000
TEEN,PERSONAL,8000
YOUNG SINGLE,BUSINESS,8000
YOUNG SINGLE,PERSONAL,8000
YOUNG SINGLE,PERSONAL,8000
YOUNG SINGLE,PERSONAL,8000
YOUNG SINGLE,PERSONAL,8000
YOUNG SINGLE,PERSONAL,8000
YOUNG SINGLE,PERSONAL,8000
YOUNG SINGLE,PERSONAL,8000
YOUNG SINGLE,PERSONAL,8000
YOUNG SINGLE,PERSONAL,8000
YOUNG SINGLE,PERSONAL,8000
YOUNG SINGLE,PERSONAL,8000
YOUNG SINGLE,PERSONAL,8000
YOUNG SINGLE,PERSONAL,8000
YOUNG SINGLE,PERSONAL,8000
YOUNG SINGLE,PERSONAL,8000
YOUNG SINGLE,PERSONAL,8000
YOUNG SINGLE,PERSONAL,8000
YOUNG SINGLE,PERSONAL,8000
YOUNG SINGLE,PERSONAL,8000
YOUNG SINGLE,PERSONAL,8000
YOUNG FAMILY,PERSONAL,8000
YOUNG FAMILY,PERSONAL,8000
YOUNG FAMILY,PERSONAL,8000
YOUNG FAMILY,PERSONAL,8000
YOUNG FAMILY,PERSONAL,8000
YOUNG FAMILY,PERSONAL,8000
YOUNG FAMILY,PERSONAL,8000
YOUNG FAMILY,PERSONAL,8000
YOUNG FAMILY,PERSONAL,8000
YOUNG COUPLE,PERSONAL,8000
YOUNG COUPLE,PERSONAL,8000
ADULT SINGLE,PERSONAL,8000
ADULT SINGLE,PERSONAL,8000
ADULT SINGLE,PERSONAL,8000
ADULT SINGLE,PERSONAL,8000
ADULT SINGLE,PERSONAL,8000
ADULT SINGLE,PERSONAL,8000
ADULT SINGLE,PERSONAL,8000
ADULT SINGLE,PERSONAL,8000
SINGLE PARENT,PERSONAL,8000
SINGLE PARENT,PERSONAL,8000
SINGLE PARENT,PERSONAL,8000
SINGLE PARENT,PERSONAL,8000
SINGLE PARENT,PERSONAL,8000
OVER 50s,PERSONAL,8000
OVER 50s,PERSONAL,8000
OVER 50s,PERSONAL,8000
OVER 50s,PERSONAL,8000
OVER 50s,PERSONAL,8000
OVER 50s,PERSONAL,8000
OVER 50s,PERSONAL,8000
OVER 50s,PERSONAL,8000
OVER 50s,PERSONAL,8000
OVER 50s,PERSONAL,8000
OVER 50s,PERSONAL,8000
OVER 50s,PERSONAL,8000
OVER 50s,PERSONAL,8000
OVER 50s,PERSONAL,8000
OVER 65s,PERSONAL,8000
OVER 65s,PERSONAL,8000
OVER 65s,PERSONAL,8000
OVER 65s,PERSONAL,8000
OTHERS,PERSONAL,8000
OVER 65s,PERSONAL,7945
ADULT SINGLE,PERSONAL,7850
YOUNG COUPLE,PERSONAL,7800
OVER 50s,PERSONAL,7800
YOUNG SINGLE,PERSONAL,7750
YOUNG SINGLE,PERSONAL,7750
ADULT SINGLE,PERSONAL,7700
OVER 50s,PERSONAL,7600
OVER 65s,PERSONAL,7600
YOUNG SINGLE,PERSONAL,7500
YOUNG SINGLE,PERSONAL,7500
YOUNG SINGLE,PERSONAL,7500
YOUNG SINGLE,PERSONAL,7500
YOUNG FAMILY,PERSONAL,7500
YOUNG FAMILY,PERSONAL,7500
YOUNG FAMILY,PERSONAL,7500
ADULT SINGLE,PERSONAL,7500
ADULT SINGLE,PERSONAL,7500
SINGLE PARENT,PERSONAL,7500
SINGLE PARENT,PERSONAL,7500
SINGLE PARENT,PERSONAL,7500
OVER 50s,PERSONAL,7500
OVER 50s,PERSONAL,7500
OVER 50s,PERSONAL,7500
OVER 50s,PERSONAL,7500
OVER 65s,PERSONAL,7500
OVER 65s,PERSONAL,7500
OTHERS,PERSONAL,7500
YOUNG SINGLE,PERSONAL,7450
OVER 50s,PERSONAL,7369.4
ADULT SINGLE,PERSONAL,7300
YOUNG SINGLE,PERSONAL,7250
ADULT SINGLE,PERSONAL,7100.45
SINGLE PARENT,PERSONAL,7050
YOUNG SINGLE,PERSONAL,7000
YOUNG SINGLE,PERSONAL,7000
YOUNG SINGLE,PERSONAL,7000
YOUNG SINGLE,PERSONAL,7000
YOUNG SINGLE,PERSONAL,7000
YOUNG SINGLE,PERSONAL,7000
YOUNG SINGLE,PERSONAL,7000
YOUNG SINGLE,PERSONAL,7000
YOUNG SINGLE,PERSONAL,7000
YOUNG FAMILY,PERSONAL,7000
YOUNG FAMILY,PERSONAL,7000
YOUNG FAMILY,PERSONAL,7000
YOUNG FAMILY,PERSONAL,7000
YOUNG FAMILY,PERSONAL,7000
YOUNG FAMILY,PERSONAL,7000
YOUNG FAMILY,PERSONAL,7000
YOUNG FAMILY,PERSONAL,7000
YOUNG FAMILY,PERSONAL,7000
YOUNG FAMILY,PERSONAL,7000
YOUNG FAMILY,PERSONAL,7000
YOUNG FAMILY,PERSONAL,7000
YOUNG FAMILY,PERSONAL,7000
YOUNG FAMILY,PERSONAL,7000
YOUNG FAMILY,PERSONAL,7000
YOUNG COUPLE,PERSONAL,7000
YOUNG COUPLE,PERSONAL,7000
YOUNG COUPLE,PERSONAL,7000
ADULT SINGLE,PERSONAL,7000
ADULT SINGLE,PERSONAL,7000
ADULT SINGLE,PERSONAL,7000
SINGLE PARENT,PERSONAL,7000
SINGLE PARENT,PERSONAL,7000
SINGLE PARENT,PERSONAL,7000
OVER 50s,PERSONAL,7000
OVER 50s,PERSONAL,7000
OVER 50s,PERSONAL,7000
OVER 50s,PERSONAL,7000
OVER 50s,PERSONAL,7000
OVER 50s,PERSONAL,7000
OVER 50s,PERSONAL,7000
OVER 50s,PERSONAL,7000
OVER 50s,PERSONAL,7000
OVER 50s,PERSONAL,7000
OVER 65s,PERSONAL,7000
OVER 65s,PERSONAL,7000
OVER 65s,PERSONAL,7000
OVER 65s,PERSONAL,7000
OVER 65s,PERSONAL,7000
OTHERS,PERSONAL,7000
ADULT SINGLE,PERSONAL,6800
OVER 65s,PERSONAL,6794.69
SINGLE PARENT,PERSONAL,6600
YOUNG SINGLE,PERSONAL,6500
YOUNG SINGLE,PERSONAL,6500
YOUNG SINGLE,PERSONAL,6500
YOUNG SINGLE,PERSONAL,6500
YOUNG FAMILY,PERSONAL,6500
YOUNG FAMILY,PERSONAL,6500
YOUNG FAMILY,PERSONAL,6500
YOUNG FAMILY,PERSONAL,6500
YOUNG FAMILY,PERSONAL,6500
YOUNG FAMILY,PERSONAL,6500
YOUNG COUPLE,PERSONAL,6500
YOUNG COUPLE,PERSONAL,6500
YOUNG COUPLE,PERSONAL,6500
ADULT SINGLE,PERSONAL,6500
ADULT SINGLE,PERSONAL,6500
ADULT SINGLE,PERSONAL,6500
SINGLE PARENT,PERSONAL,6500
OVER 50s,PERSONAL,6500
OVER 50s,PERSONAL,6500
OVER 65s,PERSONAL,6500
YOUNG SINGLE,PERSONAL,6450
YOUNG FAMILY,PERSONAL,6400
YOUNG SINGLE,PERSONAL,6250
OVER 50s,PERSONAL,6200
TEEN,PERSONAL,6000
TEEN,PERSONAL,6000
YOUNG SINGLE,PERSONAL,6000
YOUNG SINGLE,PERSONAL,6000
YOUNG SINGLE,PERSONAL,6000
YOUNG SINGLE,PERSONAL,6000
YOUNG SINGLE,PERSONAL,6000
YOUNG SINGLE,PERSONAL,6000
YOUNG SINGLE,PERSONAL,6000
YOUNG SINGLE,PERSONAL,6000
YOUNG SINGLE,PERSONAL,6000
YOUNG SINGLE,PERSONAL,6000
YOUNG SINGLE,PERSONAL,6000
YOUNG SINGLE,PERSONAL,6000
YOUNG SINGLE,PERSONAL,6000
YOUNG SINGLE,PERSONAL,6000
YOUNG SINGLE,PERSONAL,6000
YOUNG SINGLE,PERSONAL,6000
YOUNG SINGLE,PERSONAL,6000
YOUNG SINGLE,PERSONAL,6000
YOUNG SINGLE,PERSONAL,6000
YOUNG SINGLE,PERSONAL,6000
YOUNG SINGLE,PERSONAL,6000
YOUNG SINGLE,PERSONAL,6000
YOUNG SINGLE,PERSONAL,6000
YOUNG FAMILY,BUSINESS,6000
YOUNG FAMILY,PERSONAL,6000
YOUNG FAMILY,PERSONAL,6000
YOUNG FAMILY,PERSONAL,6000
YOUNG FAMILY,PERSONAL,6000
YOUNG FAMILY,PERSONAL,6000
YOUNG FAMILY,PERSONAL,6000
YOUNG FAMILY,PERSONAL,6000
YOUNG FAMILY,PERSONAL,6000
YOUNG FAMILY,PERSONAL,6000
YOUNG FAMILY,PERSONAL,6000
YOUNG FAMILY,PERSONAL,6000
YOUNG FAMILY,PERSONAL,6000
YOUNG FAMILY,PERSONAL,6000
YOUNG FAMILY,PERSONAL,6000
YOUNG FAMILY,PERSONAL,6000
YOUNG FAMILY,PERSONAL,6000
YOUNG FAMILY,PERSONAL,6000
YOUNG COUPLE,PERSONAL,6000
YOUNG COUPLE,PERSONAL,6000
YOUNG COUPLE,PERSONAL,6000
YOUNG COUPLE,PERSONAL,6000
YOUNG COUPLE,PERSONAL,6000
ADULT SINGLE,PERSONAL,6000
ADULT SINGLE,PERSONAL,6000
ADULT SINGLE,PERSONAL,6000
ADULT SINGLE,PERSONAL,6000
ADULT SINGLE,PERSONAL,6000
SINGLE PARENT,PERSONAL,6000
SINGLE PARENT,PERSONAL,6000
SINGLE PARENT,PERSONAL,6000
SINGLE PARENT,PERSONAL,6000
SINGLE PARENT,PERSONAL,6000
SINGLE PARENT,PERSONAL,6000
OVER 50s,BUSINESS,6000
OVER 50s,PERSONAL,6000
OVER 50s,PERSONAL,6000
OVER 50s,PERSONAL,6000
OVER 50s,PERSONAL,6000
OVER 50s,PERSONAL,6000
OVER 50s,PERSONAL,6000
OVER 50s,PERSONAL,6000
OVER 50s,PERSONAL,6000
OVER 50s,PERSONAL,6000
OVER 50s,PERSONAL,6000
OVER 50s,PERSONAL,6000
OVER 50s,PERSONAL,6000
OVER 50s,PERSONAL,6000
OVER 50s,PERSONAL,6000
OVER 50s,PERSONAL,6000
OVER 50s,PERSONAL,6000
OVER 50s,PERSONAL,6000
OVER 50s,PERSONAL,6000
OVER 50s,PERSONAL,6000
OVER 50s,PERSONAL,6000
OVER 50s,PERSONAL,6000
OVER 50s,PERSONAL,6000
OVER 50s,PERSONAL,6000
OVER 65s,PERSONAL,6000
OVER 65s,PERSONAL,6000
OVER 65s,PERSONAL,6000
OVER 65s,PERSONAL,6000
OVER 65s,PERSONAL,6000
OVER 65s,PERSONAL,6000
OVER 65s,PERSONAL,6000
OVER 65s,PERSONAL,6000
OTHERS,PERSONAL,6000
OTHERS,PERSONAL,6000
ADULT SINGLE,PERSONAL,5878.33
YOUNG FAMILY,PERSONAL,5860
YOUNG FAMILY,PERSONAL,5800
SINGLE PARENT,PERSONAL,5798.71
OVER 50s,PERSONAL,5600
TEEN,PERSONAL,5500
TEEN,PERSONAL,5500
YOUNG SINGLE,PERSONAL,5500
YOUNG SINGLE,PERSONAL,5500
YOUNG SINGLE,PERSONAL,5500
YOUNG SINGLE,PERSONAL,5500
YOUNG SINGLE,PERSONAL,5500
YOUNG FAMILY,PERSONAL,5500
ADULT SINGLE,PERSONAL,5500
ADULT SINGLE,PERSONAL,5500
SINGLE PARENT,PERSONAL,5500
OVER 50s,PERSONAL,5500
OVER 50s,PERSONAL,5500
OVER 50s,PERSONAL,5500
OVER 50s,PERSONAL,5500
OVER 65s,PERSONAL,5500
OVER 65s,PERSONAL,5484.44
SINGLE PARENT,PERSONAL,5350
OVER 50s,PERSONAL,5300
TEEN,PERSONAL,5250
ADULT SINGLE,PERSONAL,5250
ADULT SINGLE,PERSONAL,5200
OVER 50s,PERSONAL,5100
TEEN,PERSONAL,5000
TEEN,PERSONAL,5000
TEEN,PERSONAL,5000
YOUNG SINGLE,PERSONAL,5000
YOUNG SINGLE,PERSONAL,5000
YOUNG SINGLE,PERSONAL,5000
YOUNG SINGLE,PERSONAL,5000
YOUNG SINGLE,PERSONAL,5000
YOUNG SINGLE,PERSONAL,5000
YOUNG SINGLE,PERSONAL,5000
YOUNG SINGLE,PERSONAL,5000
YOUNG SINGLE,PERSONAL,5000
YOUNG SINGLE,PERSONAL,5000
YOUNG SINGLE,PERSONAL,5000
YOUNG SINGLE,PERSONAL,5000
YOUNG SINGLE,PERSONAL,5000
YOUNG SINGLE,PERSONAL,5000
YOUNG SINGLE,PERSONAL,5000
YOUNG SINGLE,PERSONAL,5000
YOUNG SINGLE,PERSONAL,5000
YOUNG SINGLE,PERSONAL,5000
YOUNG SINGLE,PERSONAL,5000
YOUNG SINGLE,PERSONAL,5000
YOUNG SINGLE,PERSONAL,5000
YOUNG SINGLE,PERSONAL,5000
YOUNG SINGLE,PERSONAL,5000
YOUNG SINGLE,PERSONAL,5000
YOUNG SINGLE,PERSONAL,5000
YOUNG SINGLE,PERSONAL,5000
YOUNG SINGLE,PERSONAL,5000
YOUNG SINGLE,PERSONAL,5000
YOUNG SINGLE,PERSONAL,5000
YOUNG SINGLE,PERSONAL,5000
YOUNG SINGLE,PERSONAL,5000
YOUNG SINGLE,PERSONAL,5000
YOUNG SINGLE,PERSONAL,5000
YOUNG SINGLE,PERSONAL,5000
YOUNG SINGLE,PERSONAL,5000
YOUNG SINGLE,PERSONAL,5000
YOUNG SINGLE,PERSONAL,5000
YOUNG SINGLE,PERSONAL,5000
YOUNG SINGLE,PERSONAL,5000
YOUNG SINGLE,PERSONAL,5000
YOUNG SINGLE,PERSONAL,5000
YOUNG SINGLE,PERSONAL,5000
YOUNG SINGLE,PERSONAL,5000
YOUNG SINGLE,PERSONAL,5000
YOUNG SINGLE,PERSONAL,5000
YOUNG SINGLE,PERSONAL,5000
YOUNG FAMILY,BUSINESS,5000
YOUNG FAMILY,PERSONAL,5000
YOUNG FAMILY,PERSONAL,5000
YOUNG FAMILY,PERSONAL,5000
YOUNG FAMILY,PERSONAL,5000
YOUNG FAMILY,PERSONAL,5000
YOUNG FAMILY,PERSONAL,5000
YOUNG FAMILY,PERSONAL,5000
YOUNG FAMILY,PERSONAL,5000
YOUNG FAMILY,PERSONAL,5000
YOUNG FAMILY,PERSONAL,5000
YOUNG FAMILY,PERSONAL,5000
YOUNG FAMILY,PERSONAL,5000
YOUNG FAMILY,PERSONAL,5000
YOUNG FAMILY,PERSONAL,5000
YOUNG FAMILY,PERSONAL,5000
YOUNG FAMILY,PERSONAL,5000
YOUNG FAMILY,PERSONAL,5000
YOUNG FAMILY,PERSONAL,5000
YOUNG FAMILY,PERSONAL,5000
YOUNG FAMILY,PERSONAL,5000
YOUNG FAMILY,PERSONAL,5000
YOUNG FAMILY,PERSONAL,5000
YOUNG FAMILY,PERSONAL,5000
YOUNG FAMILY,PERSONAL,5000
YOUNG FAMILY,PERSONAL,5000
YOUNG FAMILY,PERSONAL,5000
YOUNG COUPLE,MORTGAGE/HOUSING,5000
YOUNG COUPLE,PERSONAL,5000
YOUNG COUPLE,PERSONAL,5000
YOUNG COUPLE,PERSONAL,5000
YOUNG COUPLE,PERSONAL,5000
YOUNG COUPLE,PERSONAL,5000
YOUNG COUPLE,PERSONAL,5000
ADULT SINGLE,PERSONAL,5000
ADULT SINGLE,PERSONAL,5000
ADULT SINGLE,PERSONAL,5000
ADULT SINGLE,PERSONAL,5000
ADULT SINGLE,PERSONAL,5000
ADULT SINGLE,PERSONAL,5000
ADULT SINGLE,PERSONAL,5000
ADULT SINGLE,PERSONAL,5000
ADULT SINGLE,PERSONAL,5000
ADULT SINGLE,PERSONAL,5000
ADULT SINGLE,PERSONAL,5000
ADULT SINGLE,PERSONAL,5000
ADULT SINGLE,PERSONAL,5000
ADULT SINGLE,PERSONAL,5000
ADULT SINGLE,PERSONAL,5000
ADULT SINGLE,PERSONAL,5000
SINGLE PARENT,PERSONAL,5000
SINGLE PARENT,PERSONAL,5000
SINGLE PARENT,PERSONAL,5000
SINGLE PARENT,PERSONAL,5000
SINGLE PARENT,PERSONAL,5000
SINGLE PARENT,PERSONAL,5000
SINGLE PARENT,PERSONAL,5000
SINGLE PARENT,PERSONAL,5000
SINGLE PARENT,PERSONAL,5000
SINGLE PARENT,PERSONAL,5000
SINGLE PARENT,PERSONAL,5000
SINGLE PARENT,PERSONAL,5000
SINGLE PARENT,PERSONAL,5000
SINGLE PARENT,PERSONAL,5000
SINGLE PARENT,PERSONAL,5000
SINGLE PARENT,PERSONAL,5000
SINGLE PARENT,PERSONAL,5000
SINGLE PARENT,PERSONAL,5000
OVER 50s,PERSONAL,5000
OVER 50s,PERSONAL,5000
OVER 50s,PERSONAL,5000
OVER 50s,PERSONAL,5000
OVER 50s,PERSONAL,5000
OVER 50s,PERSONAL,5000
OVER 50s,PERSONAL,5000
OVER 50s,PERSONAL,5000
OVER 50s,PERSONAL,5000
OVER 50s,PERSONAL,5000
OVER 50s,PERSONAL,5000
OVER 50s,PERSONAL,5000
OVER 50s,PERSONAL,5000
OVER 50s,PERSONAL,5000
OVER 50s,PERSONAL,5000
OVER 50s,PERSONAL,5000
OVER 50s,PERSONAL,5000
OVER 50s,PERSONAL,5000
OVER 50s,PERSONAL,5000
OVER 50s,PERSONAL,5000
OVER 50s,PERSONAL,5000
OVER 50s,PERSONAL,5000
OVER 50s,PERSONAL,5000
OVER 50s,PERSONAL,5000
OVER 50s,PERSONAL,5000
OVER 50s,PERSONAL,5000
OVER 50s,PERSONAL,5000
OVER 50s,PERSONAL,5000
OVER 50s,PERSONAL,5000
OVER 50s,PERSONAL,5000
OVER 50s,PERSONAL,5000
OVER 50s,PERSONAL,5000
OVER 50s,PERSONAL,5000
OVER 50s,PERSONAL,5000
OVER 50s,PERSONAL,5000
OVER 50s,PERSONAL,5000
OVER 50s,PERSONAL,5000
OVER 50s,PERSONAL,5000
OVER 50s,PERSONAL,5000
OVER 50s,PERSONAL,5000
OVER 50s,PERSONAL,5000
OVER 50s,PERSONAL,5000
OVER 50s,PERSONAL,5000
OVER 50s,PERSONAL,5000
OVER 50s,PERSONAL,5000
OVER 50s,PERSONAL,5000
OVER 65s,BUSINESS,5000
OVER 65s,PERSONAL,5000
OVER 65s,PERSONAL,5000
OVER 65s,PERSONAL,5000
OVER 65s,PERSONAL,5000
OVER 65s,PERSONAL,5000
OVER 65s,PERSONAL,5000
OVER 65s,PERSONAL,5000
OVER 65s,PERSONAL,5000
OVER 65s,PERSONAL,5000
OVER 65s,PERSONAL,5000
OVER 65s,PERSONAL,5000
OVER 65s,PERSONAL,5000
OVER 65s,PERSONAL,5000
OVER 65s,PERSONAL,5000
OVER 65s,PERSONAL,5000
OVER 65s,PERSONAL,5000
OVER 65s,PERSONAL,5000
OVER 65s,PERSONAL,5000
OVER 65s,PERSONAL,5000
OVER 65s,PERSONAL,5000
OVER 65s,PERSONAL,5000
OVER 65s,PERSONAL,5000
OTHERS,PERSONAL,5000
OTHERS,PERSONAL,5000
YOUNG FAMILY,PERSONAL,4800
OVER 50s,PERSONAL,4600
YOUNG SINGLE,PERSONAL,4500
YOUNG SINGLE,PERSONAL,4500
YOUNG SINGLE,PERSONAL,4500
YOUNG SINGLE,PERSONAL,4500
YOUNG SINGLE,PERSONAL,4500
YOUNG FAMILY,PERSONAL,4500
YOUNG FAMILY,PERSONAL,4500
YOUNG COUPLE,PERSONAL,4500
SINGLE PARENT,PERSONAL,4500
SINGLE PARENT,PERSONAL,4500
OVER 50s,PERSONAL,4500
OVER 50s,PERSONAL,4500
OVER 50s,PERSONAL,4500
OVER 50s,PERSONAL,4500
OVER 50s,PERSONAL,4500
OVER 50s,PERSONAL,4500
OVER 50s,PERSONAL,4500
OVER 50s,PERSONAL,4500
OVER 50s,PERSONAL,4500
OVER 65s,PERSONAL,4500
OVER 65s,PERSONAL,4500
OTHERS,PERSONAL,4500
OTHERS,PERSONAL,4500
YOUNG FAMILY,PERSONAL,4400
OVER 50s,PERSONAL,4400
OVER 65s,PERSONAL,4400
YOUNG SINGLE,PERSONAL,4300
OVER 65s,PERSONAL,4300
YOUNG FAMILY,PERSONAL,4250
TEEN,PERSONAL,4000
TEEN,PERSONAL,4000
TEEN,PERSONAL,4000
YOUNG SINGLE,PERSONAL,4000
YOUNG SINGLE,PERSONAL,4000
YOUNG SINGLE,PERSONAL,4000
YOUNG SINGLE,PERSONAL,4000
YOUNG SINGLE,PERSONAL,4000
YOUNG SINGLE,PERSONAL,4000
YOUNG SINGLE,PERSONAL,4000
YOUNG SINGLE,PERSONAL,4000
YOUNG SINGLE,PERSONAL,4000
YOUNG SINGLE,PERSONAL,4000
YOUNG SINGLE,PERSONAL,4000
YOUNG SINGLE,PERSONAL,4000
YOUNG SINGLE,PERSONAL,4000
YOUNG SINGLE,PERSONAL,4000
YOUNG SINGLE,PERSONAL,4000
YOUNG SINGLE,PERSONAL,4000
YOUNG SINGLE,PERSONAL,4000
YOUNG SINGLE,PERSONAL,4000
YOUNG SINGLE,PERSONAL,4000
YOUNG SINGLE,PERSONAL,4000
YOUNG SINGLE,PERSONAL,4000
YOUNG SINGLE,PERSONAL,4000
YOUNG SINGLE,PERSONAL,4000
YOUNG SINGLE,PERSONAL,4000
YOUNG SINGLE,PERSONAL,4000
YOUNG SINGLE,PERSONAL,4000
YOUNG SINGLE,PERSONAL,4000
YOUNG SINGLE,PERSONAL,4000
YOUNG SINGLE,PERSONAL,4000
YOUNG SINGLE,PERSONAL,4000
YOUNG SINGLE,PERSONAL,4000
YOUNG SINGLE,PERSONAL,4000
YOUNG SINGLE,PERSONAL,4000
YOUNG SINGLE,PERSONAL,4000
YOUNG SINGLE,PERSONAL,4000
YOUNG FAMILY,PERSONAL,4000
YOUNG FAMILY,PERSONAL,4000
YOUNG FAMILY,PERSONAL,4000
YOUNG FAMILY,PERSONAL,4000
YOUNG FAMILY,PERSONAL,4000
YOUNG FAMILY,PERSONAL,4000
YOUNG COUPLE,PERSONAL,4000
YOUNG COUPLE,PERSONAL,4000
YOUNG COUPLE,PERSONAL,4000
ADULT SINGLE,PERSONAL,4000
ADULT SINGLE,PERSONAL,4000
ADULT SINGLE,PERSONAL,4000
ADULT SINGLE,PERSONAL,4000
ADULT SINGLE,PERSONAL,4000
ADULT SINGLE,PERSONAL,4000
ADULT SINGLE,PERSONAL,4000
ADULT SINGLE,PERSONAL,4000
SINGLE PARENT,PERSONAL,4000
SINGLE PARENT,PERSONAL,4000
SINGLE PARENT,PERSONAL,4000
SINGLE PARENT,PERSONAL,4000
SINGLE PARENT,PERSONAL,4000
SINGLE PARENT,PERSONAL,4000
SINGLE PARENT,PERSONAL,4000
SINGLE PARENT,PERSONAL,4000
SINGLE PARENT,PERSONAL,4000
SINGLE PARENT,PERSONAL,4000
SINGLE PARENT,PERSONAL,4000
SINGLE PARENT,PERSONAL,4000
SINGLE PARENT,PERSONAL,4000
SINGLE PARENT,PERSONAL,4000
OVER 50s,BUSINESS,4000
OVER 50s,PERSONAL,4000
OVER 50s,PERSONAL,4000
OVER 50s,PERSONAL,4000
OVER 50s,PERSONAL,4000
OVER 50s,PERSONAL,4000
OVER 50s,PERSONAL,4000
OVER 50s,PERSONAL,4000
OVER 50s,PERSONAL,4000
OVER 50s,PERSONAL,4000
OVER 50s,PERSONAL,4000
OVER 50s,PERSONAL,4000
OVER 50s,PERSONAL,4000
OVER 50s,PERSONAL,4000
OVER 50s,PERSONAL,4000
OVER 50s,PERSONAL,4000
OVER 50s,PERSONAL,4000
OVER 50s,PERSONAL,4000
OVER 50s,PERSONAL,4000
OVER 50s,PERSONAL,4000
OVER 50s,PERSONAL,4000
OVER 50s,PERSONAL,4000
OVER 50s,PERSONAL,4000
OVER 50s,PERSONAL,4000
OVER 50s,PERSONAL,4000
OVER 50s,PERSONAL,4000
OVER 65s,PERSONAL,4000
OVER 65s,PERSONAL,4000
OVER 65s,PERSONAL,4000
OVER 65s,PERSONAL,4000
OVER 65s,PERSONAL,4000
OVER 65s,PERSONAL,4000
OVER 65s,PERSONAL,4000
OVER 65s,PERSONAL,4000
OVER 65s,PERSONAL,4000
OVER 65s,PERSONAL,4000
OVER 65s,PERSONAL,4000
OVER 65s,PERSONAL,4000
OVER 65s,PERSONAL,4000
OVER 65s,PERSONAL,4000
OVER 65s,PERSONAL,4000
OTHERS,PERSONAL,4000
OTHERS,PERSONAL,4000
OTHERS,PERSONAL,4000
YOUNG SINGLE,PERSONAL,3900
YOUNG SINGLE,PERSONAL,3800
OVER 65s,PERSONAL,3800
OVER 50s,PERSONAL,3733
YOUNG SINGLE,PERSONAL,3700
YOUNG SINGLE,PERSONAL,3700
OVER 50s,PERSONAL,3700
OVER 50s,PERSONAL,3600
OVER 50s,PERSONAL,3600
OVER 65s,PERSONAL,3541
YOUNG SINGLE,PERSONAL,3500
YOUNG SINGLE,PERSONAL,3500
YOUNG SINGLE,PERSONAL,3500
YOUNG SINGLE,PERSONAL,3500
YOUNG SINGLE,PERSONAL,3500
YOUNG SINGLE,PERSONAL,3500
YOUNG SINGLE,PERSONAL,3500
YOUNG FAMILY,PERSONAL,3500
YOUNG FAMILY,PERSONAL,3500
YOUNG FAMILY,PERSONAL,3500
YOUNG FAMILY,PERSONAL,3500
YOUNG COUPLE,PERSONAL,3500
YOUNG COUPLE,PERSONAL,3500
ADULT SINGLE,PERSONAL,3500
ADULT SINGLE,PERSONAL,3500
ADULT SINGLE,PERSONAL,3500
ADULT SINGLE,PERSONAL,3500
ADULT SINGLE,PERSONAL,3500
SINGLE PARENT,PERSONAL,3500
SINGLE PARENT,PERSONAL,3500
SINGLE PARENT,PERSONAL,3500
SINGLE PARENT,PERSONAL,3500
OVER 50s,PERSONAL,3500
OVER 50s,PERSONAL,3500
OVER 50s,PERSONAL,3500
OVER 50s,PERSONAL,3500
OVER 50s,PERSONAL,3500
OVER 50s,PERSONAL,3500
OVER 50s,PERSONAL,3500
OVER 65s,BUSINESS,3500
OVER 65s,PERSONAL,3500
OVER 65s,PERSONAL,3500
OVER 65s,PERSONAL,3500
OVER 65s,PERSONAL,3500
OTHERS,PERSONAL,3500
OVER 50s,PERSONAL,3490
YOUNG SINGLE,PERSONAL,3400
SINGLE PARENT,PERSONAL,3400
OVER 50s,PERSONAL,3400
OVER 65s,PERSONAL,3400
ADULT SINGLE,PERSONAL,3350
OVER 50s,PERSONAL,3350
YOUNG SINGLE,PERSONAL,3300
YOUNG FAMILY,PERSONAL,3300
ADULT SINGLE,PERSONAL,3300
YOUNG COUPLE,PERSONAL,3250
OVER 65s,PERSONAL,3200
TEEN,PERSONAL,3000
TEEN,PERSONAL,3000
YOUNG SINGLE,PERSONAL,3000
YOUNG SINGLE,PERSONAL,3000
YOUNG SINGLE,PERSONAL,3000
YOUNG SINGLE,PERSONAL,3000
YOUNG SINGLE,PERSONAL,3000
YOUNG SINGLE,PERSONAL,3000
YOUNG SINGLE,PERSONAL,3000
YOUNG SINGLE,PERSONAL,3000
YOUNG SINGLE,PERSONAL,3000
YOUNG SINGLE,PERSONAL,3000
YOUNG SINGLE,PERSONAL,3000
YOUNG SINGLE,PERSONAL,3000
YOUNG SINGLE,PERSONAL,3000
YOUNG SINGLE,PERSONAL,3000
YOUNG SINGLE,PERSONAL,3000
YOUNG SINGLE,PERSONAL,3000
YOUNG SINGLE,PERSONAL,3000
YOUNG SINGLE,PERSONAL,3000
YOUNG SINGLE,PERSONAL,3000
YOUNG SINGLE,PERSONAL,3000
YOUNG SINGLE,PERSONAL,3000
YOUNG SINGLE,PERSONAL,3000
YOUNG SINGLE,PERSONAL,3000
YOUNG SINGLE,PERSONAL,3000
YOUNG SINGLE,PERSONAL,3000
YOUNG SINGLE,PERSONAL,3000
YOUNG SINGLE,PERSONAL,3000
YOUNG SINGLE,PERSONAL,3000
YOUNG SINGLE,PERSONAL,3000
YOUNG SINGLE,PERSONAL,3000
YOUNG SINGLE,PERSONAL,3000
YOUNG FAMILY,PERSONAL,3000
YOUNG FAMILY,PERSONAL,3000
YOUNG FAMILY,PERSONAL,3000
YOUNG FAMILY,PERSONAL,3000
YOUNG FAMILY,PERSONAL,3000
YOUNG FAMILY,PERSONAL,3000
YOUNG FAMILY,PERSONAL,3000
YOUNG FAMILY,PERSONAL,3000
YOUNG FAMILY,PERSONAL,3000
YOUNG FAMILY,PERSONAL,3000
YOUNG FAMILY,PERSONAL,3000
YOUNG FAMILY,PERSONAL,3000
YOUNG FAMILY,PERSONAL,3000
YOUNG FAMILY,PERSONAL,3000
YOUNG FAMILY,PERSONAL,3000
YOUNG FAMILY,PERSONAL,3000
YOUNG FAMILY,PERSONAL,3000
YOUNG FAMILY,PERSONAL,3000
YOUNG FAMILY,PERSONAL,3000
YOUNG FAMILY,PERSONAL,3000
YOUNG FAMILY,PERSONAL,3000
YOUNG FAMILY,PERSONAL,3000
YOUNG FAMILY,PERSONAL,3000
YOUNG COUPLE,PERSONAL,3000
YOUNG COUPLE,PERSONAL,3000
YOUNG COUPLE,PERSONAL,3000
YOUNG COUPLE,PERSONAL,3000
YOUNG COUPLE,PERSONAL,3000
YOUNG COUPLE,PERSONAL,3000
YOUNG COUPLE,PERSONAL,3000
ADULT SINGLE,PERSONAL,3000
ADULT SINGLE,PERSONAL,3000
ADULT SINGLE,PERSONAL,3000
ADULT SINGLE,PERSONAL,3000
ADULT SINGLE,PERSONAL,3000
ADULT SINGLE,PERSONAL,3000
ADULT SINGLE,PERSONAL,3000
ADULT SINGLE,PERSONAL,3000
ADULT SINGLE,PERSONAL,3000
ADULT SINGLE,PERSONAL,3000
ADULT SINGLE,PERSONAL,3000
ADULT SINGLE,PERSONAL,3000
ADULT SINGLE,PERSONAL,3000
ADULT SINGLE,PERSONAL,3000
ADULT SINGLE,PERSONAL,3000
SINGLE PARENT,PERSONAL,3000
SINGLE PARENT,PERSONAL,3000
SINGLE PARENT,PERSONAL,3000
SINGLE PARENT,PERSONAL,3000
SINGLE PARENT,PERSONAL,3000
SINGLE PARENT,PERSONAL,3000
SINGLE PARENT,PERSONAL,3000
SINGLE PARENT,PERSONAL,3000
SINGLE PARENT,PERSONAL,3000
SINGLE PARENT,PERSONAL,3000
SINGLE PARENT,PERSONAL,3000
SINGLE PARENT,PERSONAL,3000
SINGLE PARENT,PERSONAL,3000
SINGLE PARENT,PERSONAL,3000
SINGLE PARENT,PERSONAL,3000
SINGLE PARENT,PERSONAL,3000
SINGLE PARENT,PERSONAL,3000
SINGLE PARENT,PERSONAL,3000
SINGLE PARENT,PERSONAL,3000
OVER 50s,BUSINESS,3000
OVER 50s,PERSONAL,3000
OVER 50s,PERSONAL,3000
OVER 50s,PERSONAL,3000
OVER 50s,PERSONAL,3000
OVER 50s,PERSONAL,3000
OVER 50s,PERSONAL,3000
OVER 50s,PERSONAL,3000
OVER 50s,PERSONAL,3000
OVER 50s,PERSONAL,3000
OVER 50s,PERSONAL,3000
OVER 50s,PERSONAL,3000
OVER 50s,PERSONAL,3000
OVER 50s,PERSONAL,3000
OVER 50s,PERSONAL,3000
OVER 50s,PERSONAL,3000
OVER 50s,PERSONAL,3000
OVER 50s,PERSONAL,3000
OVER 50s,PERSONAL,3000
OVER 50s,PERSONAL,3000
OVER 50s,PERSONAL,3000
OVER 50s,PERSONAL,3000
OVER 50s,PERSONAL,3000
OVER 50s,PERSONAL,3000
OVER 50s,PERSONAL,3000
OVER 50s,PERSONAL,3000
OVER 50s,PERSONAL,3000
OVER 50s,PERSONAL,3000
OVER 50s,PERSONAL,3000
OVER 50s,PERSONAL,3000
OVER 50s,PERSONAL,3000
OVER 50s,PERSONAL,3000
OVER 50s,PERSONAL,3000
OVER 50s,PERSONAL,3000
OVER 65s,PERSONAL,3000
OVER 65s,PERSONAL,3000
OVER 65s,PERSONAL,3000
OVER 65s,PERSONAL,3000
OVER 65s,PERSONAL,3000
OVER 65s,PERSONAL,3000
OVER 65s,PERSONAL,3000
OVER 65s,PERSONAL,3000
OVER 65s,PERSONAL,3000
OVER 65s,PERSONAL,3000
OVER 65s,PERSONAL,3000
OVER 65s,PERSONAL,3000
OVER 65s,PERSONAL,3000
OVER 65s,PERSONAL,3000
OVER 65s,PERSONAL,3000
OVER 65s,PERSONAL,3000
OVER 65s,PERSONAL,3000
OVER 65s,PERSONAL,3000
OVER 65s,PERSONAL,3000
OVER 65s,PERSONAL,3000
OVER 65s,PERSONAL,3000
OVER 65s,PERSONAL,3000
OVER 65s,PERSONAL,3000
OVER 65s,PERSONAL,3000
OVER 65s,PERSONAL,3000
OVER 65s,PERSONAL,3000
OVER 65s,PERSONAL,3000
OVER 65s,PERSONAL,3000
OVER 65s,PERSONAL,3000
OVER 65s,PERSONAL,3000
OVER 65s,PERSONAL,3000
OVER 65s,PERSONAL,3000
OVER 65s,PERSONAL,3000
OVER 65s,PERSONAL,3000
OTHERS,PERSONAL,3000
OTHERS,PERSONAL,3000
YOUNG FAMILY,PERSONAL,2900
SINGLE PARENT,PERSONAL,2850
YOUNG SINGLE,PERSONAL,2800
YOUNG FAMILY,PERSONAL,2800
SINGLE PARENT,PERSONAL,2800
OVER 65s,PERSONAL,2800
OVER 65s,PERSONAL,2770
OVER 50s,PERSONAL,2730
YOUNG FAMILY,PERSONAL,2700
ADULT SINGLE,PERSONAL,2700
SINGLE PARENT,PERSONAL,2700
OVER 50s,PERSONAL,2700
OVER 50s,PERSONAL,2700
YOUNG COUPLE,PERSONAL,2644.29
YOUNG SINGLE,PERSONAL,2600
YOUNG SINGLE,PERSONAL,2600
OVER 50s,PERSONAL,2600
YOUNG SINGLE,PERSONAL,2500
YOUNG SINGLE,PERSONAL,2500
YOUNG SINGLE,PERSONAL,2500
YOUNG SINGLE,PERSONAL,2500
YOUNG SINGLE,PERSONAL,2500
YOUNG SINGLE,PERSONAL,2500
YOUNG SINGLE,PERSONAL,2500
YOUNG SINGLE,PERSONAL,2500
YOUNG SINGLE,PERSONAL,2500
YOUNG SINGLE,PERSONAL,2500
YOUNG SINGLE,PERSONAL,2500
YOUNG SINGLE,PERSONAL,2500
YOUNG SINGLE,PERSONAL,2500
YOUNG SINGLE,PERSONAL,2500
YOUNG SINGLE,PERSONAL,2500
YOUNG SINGLE,PERSONAL,2500
YOUNG SINGLE,PERSONAL,2500
YOUNG SINGLE,PERSONAL,2500
YOUNG SINGLE,PERSONAL,2500
YOUNG SINGLE,PERSONAL,2500
YOUNG SINGLE,PERSONAL,2500
YOUNG SINGLE,PERSONAL,2500
YOUNG SINGLE,PERSONAL,2500
YOUNG FAMILY,PERSONAL,2500
YOUNG FAMILY,PERSONAL,2500
YOUNG FAMILY,PERSONAL,2500
YOUNG FAMILY,PERSONAL,2500
YOUNG FAMILY,PERSONAL,2500
YOUNG FAMILY,PERSONAL,2500
YOUNG FAMILY,PERSONAL,2500
YOUNG FAMILY,PERSONAL,2500
YOUNG FAMILY,PERSONAL,2500
YOUNG COUPLE,PERSONAL,2500
YOUNG COUPLE,PERSONAL,2500
YOUNG COUPLE,PERSONAL,2500
YOUNG COUPLE,PERSONAL,2500
YOUNG COUPLE,PERSONAL,2500
YOUNG COUPLE,PERSONAL,2500
YOUNG COUPLE,PERSONAL,2500
YOUNG COUPLE,PERSONAL,2500
ADULT SINGLE,PERSONAL,2500
ADULT SINGLE,PERSONAL,2500
ADULT SINGLE,PERSONAL,2500
ADULT SINGLE,PERSONAL,2500
ADULT SINGLE,PERSONAL,2500
ADULT SINGLE,PERSONAL,2500
ADULT SINGLE,PERSONAL,2500
ADULT SINGLE,PERSONAL,2500
ADULT SINGLE,PERSONAL,2500
SINGLE PARENT,PERSONAL,2500
SINGLE PARENT,PERSONAL,2500
SINGLE PARENT,PERSONAL,2500
SINGLE PARENT,PERSONAL,2500
SINGLE PARENT,PERSONAL,2500
SINGLE PARENT,PERSONAL,2500
SINGLE PARENT,PERSONAL,2500
SINGLE PARENT,PERSONAL,2500
SINGLE PARENT,PERSONAL,2500
SINGLE PARENT,PERSONAL,2500
SINGLE PARENT,PERSONAL,2500
OVER 50s,PERSONAL,2500
OVER 50s,PERSONAL,2500
OVER 50s,PERSONAL,2500
OVER 50s,PERSONAL,2500
OVER 50s,PERSONAL,2500
OVER 50s,PERSONAL,2500
OVER 50s,PERSONAL,2500
OVER 50s,PERSONAL,2500
OVER 50s,PERSONAL,2500
OVER 50s,PERSONAL,2500
OVER 50s,PERSONAL,2500
OVER 50s,PERSONAL,2500
OVER 50s,PERSONAL,2500
OVER 50s,PERSONAL,2500
OVER 50s,PERSONAL,2500
OVER 50s,PERSONAL,2500
OVER 50s,PERSONAL,2500
OVER 50s,PERSONAL,2500
OVER 50s,PERSONAL,2500
OVER 50s,PERSONAL,2500
OVER 50s,PERSONAL,2500
OVER 65s,PERSONAL,2500
OVER 65s,PERSONAL,2500
OVER 65s,PERSONAL,2500
OVER 65s,PERSONAL,2500
OVER 65s,PERSONAL,2500
OVER 65s,PERSONAL,2500
OVER 65s,PERSONAL,2500
OVER 65s,PERSONAL,2500
OTHERS,PERSONAL,2500
OVER 50s,PERSONAL,2431.05
OVER 50s,PERSONAL,2425
SINGLE PARENT,PERSONAL,2400
SINGLE PARENT,PERSONAL,2400
OVER 50s,PERSONAL,2400
OVER 65s,PERSONAL,2400
OVER 50s,PERSONAL,2304
YOUNG FAMILY,PERSONAL,2300
OVER 50s,PERSONAL,2300
YOUNG SINGLE,PERSONAL,2200
YOUNG SINGLE,PERSONAL,2200
YOUNG FAMILY,PERSONAL,2200
YOUNG FAMILY,PERSONAL,2200
SINGLE PARENT,PERSONAL,2200
OVER 50s,PERSONAL,2200
OTHERS,PERSONAL,2200
YOUNG SINGLE,PERSONAL,2150
ADULT SINGLE,PERSONAL,2120
YOUNG SINGLE,PERSONAL,2100
OVER 65s,PERSONAL,2100
ADULT SINGLE,PERSONAL,2050
TEEN,PERSONAL,2000
YOUNG SINGLE,PERSONAL,2000
YOUNG SINGLE,PERSONAL,2000
YOUNG SINGLE,PERSONAL,2000
YOUNG SINGLE,PERSONAL,2000
YOUNG SINGLE,PERSONAL,2000
YOUNG SINGLE,PERSONAL,2000
YOUNG SINGLE,PERSONAL,2000
YOUNG SINGLE,PERSONAL,2000
YOUNG SINGLE,PERSONAL,2000
YOUNG SINGLE,PERSONAL,2000
YOUNG SINGLE,PERSONAL,2000
YOUNG SINGLE,PERSONAL,2000
YOUNG SINGLE,PERSONAL,2000
YOUNG SINGLE,PERSONAL,2000
YOUNG SINGLE,PERSONAL,2000
YOUNG SINGLE,PERSONAL,2000
YOUNG SINGLE,PERSONAL,2000
YOUNG SINGLE,PERSONAL,2000
YOUNG SINGLE,PERSONAL,2000
YOUNG SINGLE,PERSONAL,2000
YOUNG SINGLE,PERSONAL,2000
YOUNG SINGLE,PERSONAL,2000
YOUNG SINGLE,PERSONAL,2000
YOUNG SINGLE,PERSONAL,2000
YOUNG SINGLE,PERSONAL,2000
YOUNG SINGLE,PERSONAL,2000
YOUNG SINGLE,PERSONAL,2000
YOUNG SINGLE,PERSONAL,2000
YOUNG SINGLE,PERSONAL,2000
YOUNG SINGLE,PERSONAL,2000
YOUNG SINGLE,PERSONAL,2000
YOUNG SINGLE,PERSONAL,2000
YOUNG FAMILY,PERSONAL,2000
YOUNG FAMILY,PERSONAL,2000
YOUNG FAMILY,PERSONAL,2000
YOUNG FAMILY,PERSONAL,2000
YOUNG FAMILY,PERSONAL,2000
YOUNG FAMILY,PERSONAL,2000
YOUNG FAMILY,PERSONAL,2000
YOUNG FAMILY,PERSONAL,2000
YOUNG FAMILY,PERSONAL,2000
YOUNG FAMILY,PERSONAL,2000
YOUNG FAMILY,PERSONAL,2000
YOUNG FAMILY,PERSONAL,2000
YOUNG FAMILY,PERSONAL,2000
YOUNG FAMILY,PERSONAL,2000
YOUNG FAMILY,PERSONAL,2000
YOUNG FAMILY,PERSONAL,2000
YOUNG FAMILY,PERSONAL,2000
YOUNG FAMILY,PERSONAL,2000
YOUNG FAMILY,PERSONAL,2000
YOUNG FAMILY,PERSONAL,2000
YOUNG COUPLE,PERSONAL,2000
YOUNG COUPLE,PERSONAL,2000
YOUNG COUPLE,PERSONAL,2000
YOUNG COUPLE,PERSONAL,2000
YOUNG COUPLE,PERSONAL,2000
YOUNG COUPLE,PERSONAL,2000
YOUNG COUPLE,PERSONAL,2000
ADULT SINGLE,PERSONAL,2000
ADULT SINGLE,PERSONAL,2000
ADULT SINGLE,PERSONAL,2000
ADULT SINGLE,PERSONAL,2000
ADULT SINGLE,PERSONAL,2000
ADULT SINGLE,PERSONAL,2000
ADULT SINGLE,PERSONAL,2000
ADULT SINGLE,PERSONAL,2000
ADULT SINGLE,PERSONAL,2000
ADULT SINGLE,PERSONAL,2000
ADULT SINGLE,PERSONAL,2000
ADULT SINGLE,PERSONAL,2000
ADULT SINGLE,PERSONAL,2000
ADULT SINGLE,PERSONAL,2000
ADULT SINGLE,PERSONAL,2000
ADULT SINGLE,PERSONAL,2000
ADULT SINGLE,PERSONAL,2000
ADULT SINGLE,PERSONAL,2000
ADULT SINGLE,PERSONAL,2000
ADULT SINGLE,PERSONAL,2000
ADULT SINGLE,PERSONAL,2000
ADULT SINGLE,PERSONAL,2000
ADULT SINGLE,PERSONAL,2000
ADULT SINGLE,PERSONAL,2000
ADULT SINGLE,PERSONAL,2000
ADULT SINGLE,PERSONAL,2000
ADULT SINGLE,PERSONAL,2000
ADULT SINGLE,PERSONAL,2000
SINGLE PARENT,PERSONAL,2000
SINGLE PARENT,PERSONAL,2000
SINGLE PARENT,PERSONAL,2000
SINGLE PARENT,PERSONAL,2000
SINGLE PARENT,PERSONAL,2000
SINGLE PARENT,PERSONAL,2000
SINGLE PARENT,PERSONAL,2000
SINGLE PARENT,PERSONAL,2000
SINGLE PARENT,PERSONAL,2000
SINGLE PARENT,PERSONAL,2000
SINGLE PARENT,PERSONAL,2000
SINGLE PARENT,PERSONAL,2000
SINGLE PARENT,PERSONAL,2000
SINGLE PARENT,PERSONAL,2000
SINGLE PARENT,PERSONAL,2000
SINGLE PARENT,PERSONAL,2000
SINGLE PARENT,PERSONAL,2000
SINGLE PARENT,PERSONAL,2000
SINGLE PARENT,PERSONAL,2000
SINGLE PARENT,PERSONAL,2000
SINGLE PARENT,PERSONAL,2000
SINGLE PARENT,PERSONAL,2000
SINGLE PARENT,PERSONAL,2000
SINGLE PARENT,PERSONAL,2000
SINGLE PARENT,PERSONAL,2000
SINGLE PARENT,PERSONAL,2000
SINGLE PARENT,PERSONAL,2000
SINGLE PARENT,PERSONAL,2000
SINGLE PARENT,PERSONAL,2000
SINGLE PARENT,PERSONAL,2000
SINGLE PARENT,PERSONAL,2000
SINGLE PARENT,PERSONAL,2000
SINGLE PARENT,PERSONAL,2000
SINGLE PARENT,PERSONAL,2000
SINGLE PARENT,PERSONAL,2000
SINGLE PARENT,PERSONAL,2000
SINGLE PARENT,PERSONAL,2000
SINGLE PARENT,PERSONAL,2000
SINGLE PARENT,PERSONAL,2000
SINGLE PARENT,PERSONAL,2000
SINGLE PARENT,PERSONAL,2000
SINGLE PARENT,PERSONAL,2000
SINGLE PARENT,PERSONAL,2000
SINGLE PARENT,PERSONAL,2000
OVER 50s,BUSINESS,2000
OVER 50s,PERSONAL,2000
OVER 50s,PERSONAL,2000
OVER 50s,PERSONAL,2000
OVER 50s,PERSONAL,2000
OVER 50s,PERSONAL,2000
OVER 50s,PERSONAL,2000
OVER 50s,PERSONAL,2000
OVER 50s,PERSONAL,2000
OVER 50s,PERSONAL,2000
OVER 50s,PERSONAL,2000
OVER 50s,PERSONAL,2000
OVER 50s,PERSONAL,2000
OVER 50s,PERSONAL,2000
OVER 50s,PERSONAL,2000
OVER 50s,PERSONAL,2000
OVER 50s,PERSONAL,2000
OVER 50s,PERSONAL,2000
OVER 50s,PERSONAL,2000
OVER 50s,PERSONAL,2000
OVER 50s,PERSONAL,2000
OVER 50s,PERSONAL,2000
OVER 50s,PERSONAL,2000
OVER 50s,PERSONAL,2000
OVER 50s,PERSONAL,2000
OVER 50s,PERSONAL,2000
OVER 50s,PERSONAL,2000
OVER 50s,PERSONAL,2000
OVER 50s,PERSONAL,2000
OVER 50s,PERSONAL,2000
OVER 50s,PERSONAL,2000
OVER 50s,PERSONAL,2000
OVER 50s,PERSONAL,2000
OVER 50s,PERSONAL,2000
OVER 50s,PERSONAL,2000
OVER 50s,PERSONAL,2000
OVER 50s,PERSONAL,2000
OVER 50s,PERSONAL,2000
OVER 50s,PERSONAL,2000
OVER 50s,PERSONAL,2000
OVER 50s,PERSONAL,2000
OVER 50s,PERSONAL,2000
OVER 50s,PERSONAL,2000
OVER 50s,PERSONAL,2000
OVER 50s,PERSONAL,2000
OVER 50s,PERSONAL,2000
OVER 50s,PERSONAL,2000
OVER 50s,PERSONAL,2000
OVER 50s,PERSONAL,2000
OVER 50s,PERSONAL,2000
OVER 50s,PERSONAL,2000
OVER 50s,PERSONAL,2000
OVER 50s,PERSONAL,2000
OVER 50s,PERSONAL,2000
OVER 50s,PERSONAL,2000
OVER 50s,PERSONAL,2000
OVER 50s,PERSONAL,2000
OVER 50s,PERSONAL,2000
OVER 50s,PERSONAL,2000
OVER 65s,PERSONAL,2000
OVER 65s,PERSONAL,2000
OVER 65s,PERSONAL,2000
OVER 65s,PERSONAL,2000
OVER 65s,PERSONAL,2000
OVER 65s,PERSONAL,2000
OVER 65s,PERSONAL,2000
OVER 65s,PERSONAL,2000
OVER 65s,PERSONAL,2000
OVER 65s,PERSONAL,2000
OVER 65s,PERSONAL,2000
OVER 65s,PERSONAL,2000
OVER 65s,PERSONAL,2000
OVER 65s,PERSONAL,2000
OVER 65s,PERSONAL,2000
OVER 65s,PERSONAL,2000
OVER 65s,PERSONAL,2000
OVER 65s,PERSONAL,2000
OVER 65s,PERSONAL,2000
OVER 65s,PERSONAL,2000
OVER 65s,PERSONAL,2000
OVER 65s,PERSONAL,2000
OVER 65s,PERSONAL,2000
OVER 65s,PERSONAL,2000
OVER 65s,PERSONAL,2000
OVER 65s,PERSONAL,2000
OVER 65s,PERSONAL,2000
OVER 65s,PERSONAL,2000
OVER 65s,PERSONAL,2000
OVER 65s,PERSONAL,2000
OVER 65s,PERSONAL,2000
OVER 65s,PERSONAL,2000
OVER 65s,PERSONAL,2000
OTHERS,PERSONAL,2000
OTHERS,PERSONAL,2000
TEEN,PERSONAL,1900
YOUNG SINGLE,PERSONAL,1890
YOUNG FAMILY,PERSONAL,1850
SINGLE PARENT,PERSONAL,1846.24
YOUNG SINGLE,PERSONAL,1800
YOUNG FAMILY,PERSONAL,1800
ADULT SINGLE,PERSONAL,1800
SINGLE PARENT,PERSONAL,1800
OVER 50s,PERSONAL,1800
OVER 65s,PERSONAL,1800
OVER 65s,PERSONAL,1800
YOUNG SINGLE,PERSONAL,1752
YOUNG SINGLE,PERSONAL,1745
YOUNG SINGLE,PERSONAL,1700
YOUNG SINGLE,PERSONAL,1700
YOUNG FAMILY,PERSONAL,1700
YOUNG FAMILY,PERSONAL,1700
YOUNG FAMILY,PERSONAL,1700
SINGLE PARENT,PERSONAL,1700
SINGLE PARENT,PERSONAL,1700
OVER 65s,PERSONAL,1700
YOUNG SINGLE,PERSONAL,1600
YOUNG SINGLE,PERSONAL,1600
YOUNG SINGLE,PERSONAL,1600
SINGLE PARENT,PERSONAL,1600
OVER 50s,PERSONAL,1600
OVER 50s,PERSONAL,1600
OVER 65s,PERSONAL,1600
YOUNG SINGLE,PERSONAL,1575
YOUNG SINGLE,PERSONAL,1500
YOUNG SINGLE,PERSONAL,1500
YOUNG SINGLE,PERSONAL,1500
YOUNG SINGLE,PERSONAL,1500
YOUNG SINGLE,PERSONAL,1500
YOUNG SINGLE,PERSONAL,1500
YOUNG SINGLE,PERSONAL,1500
YOUNG SINGLE,PERSONAL,1500
YOUNG SINGLE,PERSONAL,1500
YOUNG SINGLE,PERSONAL,1500
YOUNG SINGLE,PERSONAL,1500
YOUNG SINGLE,PERSONAL,1500
YOUNG SINGLE,PERSONAL,1500
YOUNG SINGLE,PERSONAL,1500
YOUNG SINGLE,PERSONAL,1500
YOUNG SINGLE,PERSONAL,1500
YOUNG SINGLE,PERSONAL,1500
YOUNG SINGLE,PERSONAL,1500
YOUNG SINGLE,PERSONAL,1500
YOUNG SINGLE,PERSONAL,1500
YOUNG SINGLE,PERSONAL,1500
YOUNG SINGLE,PERSONAL,1500
YOUNG SINGLE,PERSONAL,1500
YOUNG SINGLE,PERSONAL,1500
YOUNG SINGLE,PERSONAL,1500
YOUNG FAMILY,PERSONAL,1500
YOUNG FAMILY,PERSONAL,1500
YOUNG FAMILY,PERSONAL,1500
YOUNG FAMILY,PERSONAL,1500
YOUNG FAMILY,PERSONAL,1500
YOUNG FAMILY,PERSONAL,1500
YOUNG FAMILY,PERSONAL,1500
YOUNG FAMILY,PERSONAL,1500
YOUNG FAMILY,PERSONAL,1500
YOUNG FAMILY,PERSONAL,1500
YOUNG FAMILY,PERSONAL,1500
YOUNG FAMILY,PERSONAL,1500
YOUNG FAMILY,PERSONAL,1500
YOUNG FAMILY,PERSONAL,1500
YOUNG FAMILY,PERSONAL,1500
YOUNG FAMILY,PERSONAL,1500
YOUNG FAMILY,PERSONAL,1500
YOUNG FAMILY,PERSONAL,1500
YOUNG FAMILY,PERSONAL,1500
YOUNG FAMILY,PERSONAL,1500
YOUNG FAMILY,PERSONAL,1500
YOUNG FAMILY,PERSONAL,1500
YOUNG FAMILY,PERSONAL,1500
YOUNG FAMILY,PERSONAL,1500
YOUNG COUPLE,PERSONAL,1500
YOUNG COUPLE,PERSONAL,1500
YOUNG COUPLE,PERSONAL,1500
YOUNG COUPLE,PERSONAL,1500
YOUNG COUPLE,PERSONAL,1500
YOUNG COUPLE,PERSONAL,1500
YOUNG COUPLE,PERSONAL,1500
YOUNG COUPLE,PERSONAL,1500
ADULT SINGLE,PERSONAL,1500
ADULT SINGLE,PERSONAL,1500
ADULT SINGLE,PERSONAL,1500
ADULT SINGLE,PERSONAL,1500
ADULT SINGLE,PERSONAL,1500
ADULT SINGLE,PERSONAL,1500
ADULT SINGLE,PERSONAL,1500
ADULT SINGLE,PERSONAL,1500
ADULT SINGLE,PERSONAL,1500
ADULT SINGLE,PERSONAL,1500
ADULT SINGLE,PERSONAL,1500
ADULT SINGLE,PERSONAL,1500
ADULT SINGLE,PERSONAL,1500
ADULT SINGLE,PERSONAL,1500
ADULT SINGLE,PERSONAL,1500
ADULT SINGLE,PERSONAL,1500
ADULT SINGLE,PERSONAL,1500
ADULT SINGLE,PERSONAL,1500
ADULT SINGLE,PERSONAL,1500
ADULT SINGLE,PERSONAL,1500
ADULT SINGLE,PERSONAL,1500
SINGLE PARENT,PERSONAL,1500
SINGLE PARENT,PERSONAL,1500
SINGLE PARENT,PERSONAL,1500
SINGLE PARENT,PERSONAL,1500
SINGLE PARENT,PERSONAL,1500
SINGLE PARENT,PERSONAL,1500
SINGLE PARENT,PERSONAL,1500
SINGLE PARENT,PERSONAL,1500
SINGLE PARENT,PERSONAL,1500
SINGLE PARENT,PERSONAL,1500
SINGLE PARENT,PERSONAL,1500
SINGLE PARENT,PERSONAL,1500
SINGLE PARENT,PERSONAL,1500
SINGLE PARENT,PERSONAL,1500
SINGLE PARENT,PERSONAL,1500
SINGLE PARENT,PERSONAL,1500
SINGLE PARENT,PERSONAL,1500
SINGLE PARENT,PERSONAL,1500
SINGLE PARENT,PERSONAL,1500
SINGLE PARENT,PERSONAL,1500
SINGLE PARENT,PERSONAL,1500
SINGLE PARENT,PERSONAL,1500
SINGLE PARENT,PERSONAL,1500
SINGLE PARENT,PERSONAL,1500
SINGLE PARENT,PERSONAL,1500
SINGLE PARENT,PERSONAL,1500
SINGLE PARENT,PERSONAL,1500
SINGLE PARENT,PERSONAL,1500
SINGLE PARENT,PERSONAL,1500
SINGLE PARENT,PERSONAL,1500
SINGLE PARENT,PERSONAL,1500
SINGLE PARENT,PERSONAL,1500
SINGLE PARENT,PERSONAL,1500
OVER 50s,PERSONAL,1500
OVER 50s,PERSONAL,1500
OVER 50s,PERSONAL,1500
OVER 50s,PERSONAL,1500
OVER 50s,PERSONAL,1500
OVER 50s,PERSONAL,1500
OVER 50s,PERSONAL,1500
OVER 50s,PERSONAL,1500
OVER 50s,PERSONAL,1500
OVER 50s,PERSONAL,1500
OVER 50s,PERSONAL,1500
OVER 50s,PERSONAL,1500
OVER 50s,PERSONAL,1500
OVER 50s,PERSONAL,1500
OVER 50s,PERSONAL,1500
OVER 50s,PERSONAL,1500
OVER 50s,PERSONAL,1500
OVER 50s,PERSONAL,1500
OVER 50s,PERSONAL,1500
OVER 50s,PERSONAL,1500
OVER 50s,PERSONAL,1500
OVER 50s,PERSONAL,1500
OVER 50s,PERSONAL,1500
OVER 50s,PERSONAL,1500
OVER 50s,PERSONAL,1500
OVER 50s,PERSONAL,1500
OVER 50s,PERSONAL,1500
OVER 50s,PERSONAL,1500
OVER 50s,PERSONAL,1500
OVER 50s,PERSONAL,1500
OVER 50s,PERSONAL,1500
OVER 50s,PERSONAL,1500
OVER 50s,PERSONAL,1500
OVER 50s,PERSONAL,1500
OVER 50s,PERSONAL,1500
OVER 50s,PERSONAL,1500
OVER 65s,PERSONAL,1500
OVER 65s,PERSONAL,1500
OVER 65s,PERSONAL,1500
OVER 65s,PERSONAL,1500
OVER 65s,PERSONAL,1500
OVER 65s,PERSONAL,1500
OVER 65s,PERSONAL,1500
OVER 65s,PERSONAL,1500
OVER 65s,PERSONAL,1500
OVER 65s,PERSONAL,1500
OVER 65s,PERSONAL,1500
OVER 65s,PERSONAL,1500
OVER 65s,PERSONAL,1500
OVER 65s,PERSONAL,1500
OVER 65s,PERSONAL,1500
OVER 65s,PERSONAL,1500
OVER 65s,PERSONAL,1500
OVER 65s,PERSONAL,1500
OVER 65s,PERSONAL,1500
OVER 65s,PERSONAL,1500
OVER 65s,PERSONAL,1500
OVER 65s,PERSONAL,1500
OVER 65s,PERSONAL,1500
OVER 65s,PERSONAL,1500
OVER 65s,PERSONAL,1500
OVER 65s,PERSONAL,1500
OVER 65s,PERSONAL,1500
OTHERS,PERSONAL,1500
OTHERS,PERSONAL,1500
OTHERS,PERSONAL,1500
OTHERS,PERSONAL,1500
OTHERS,PERSONAL,1500
OTHERS,PERSONAL,1500
YOUNG SINGLE,PERSONAL,1400
YOUNG SINGLE,PERSONAL,1400
YOUNG FAMILY,PERSONAL,1400
SINGLE PARENT,PERSONAL,1400
SINGLE PARENT,PERSONAL,1400
SINGLE PARENT,PERSONAL,1400
OVER 50s,PERSONAL,1400
OVER 50s,PERSONAL,1400
OVER 65s,PERSONAL,1400
OVER 65s,PERSONAL,1400
OVER 65s,PERSONAL,1400
ADULT SINGLE,PERSONAL,1350
TEEN,PERSONAL,1300
YOUNG COUPLE,PERSONAL,1300
ADULT SINGLE,PERSONAL,1300
ADULT SINGLE,PERSONAL,1300
OVER 50s,PERSONAL,1300
OVER 50s,PERSONAL,1300
OVER 65s,PERSONAL,1300
OVER 65s,PERSONAL,1300
OVER 50s,PERSONAL,1296
YOUNG SINGLE,PERSONAL,1250
ADULT SINGLE,PERSONAL,1229.96
YOUNG SINGLE,PERSONAL,1200
YOUNG SINGLE,PERSONAL,1200
YOUNG SINGLE,PERSONAL,1200
YOUNG SINGLE,PERSONAL,1200
YOUNG SINGLE,PERSONAL,1200
YOUNG FAMILY,PERSONAL,1200
YOUNG FAMILY,PERSONAL,1200
YOUNG FAMILY,PERSONAL,1200
YOUNG FAMILY,PERSONAL,1200
YOUNG FAMILY,PERSONAL,1200
YOUNG COUPLE,PERSONAL,1200
ADULT SINGLE,PERSONAL,1200
ADULT SINGLE,PERSONAL,1200
SINGLE PARENT,PERSONAL,1200
SINGLE PARENT,PERSONAL,1200
SINGLE PARENT,PERSONAL,1200
SINGLE PARENT,PERSONAL,1200
SINGLE PARENT,PERSONAL,1200
SINGLE PARENT,PERSONAL,1200
SINGLE PARENT,PERSONAL,1200
OVER 50s,PERSONAL,1200
OVER 50s,PERSONAL,1200
OVER 50s,PERSONAL,1200
OVER 50s,PERSONAL,1200
OVER 50s,PERSONAL,1200
OVER 50s,PERSONAL,1200
OVER 50s,PERSONAL,1200
OVER 50s,PERSONAL,1200
OVER 50s,PERSONAL,1200
OVER 50s,PERSONAL,1200
OVER 50s,PERSONAL,1200
OVER 50s,PERSONAL,1200
OVER 50s,PERSONAL,1200
OVER 50s,PERSONAL,1200
OVER 50s,PERSONAL,1200
OVER 50s,PERSONAL,1200
OVER 65s,PERSONAL,1200
OVER 65s,PERSONAL,1200
OVER 65s,PERSONAL,1200
OVER 65s,PERSONAL,1200
OVER 65s,PERSONAL,1200
YOUNG SINGLE,PERSONAL,1100
YOUNG SINGLE,PERSONAL,1100
YOUNG SINGLE,PERSONAL,1100
SINGLE PARENT,PERSONAL,1100
OVER 50s,PERSONAL,1100
OVER 50s,PERSONAL,1100
OVER 65s,PERSONAL,1100
OVER 65s,PERSONAL,1093.54
TEEN,PERSONAL,1000
YOUNG SINGLE,PERSONAL,1000
YOUNG SINGLE,PERSONAL,1000
YOUNG SINGLE,PERSONAL,1000
YOUNG SINGLE,PERSONAL,1000
YOUNG SINGLE,PERSONAL,1000
YOUNG SINGLE,PERSONAL,1000
YOUNG SINGLE,PERSONAL,1000
YOUNG SINGLE,PERSONAL,1000
YOUNG SINGLE,PERSONAL,1000
YOUNG SINGLE,PERSONAL,1000
YOUNG SINGLE,PERSONAL,1000
YOUNG SINGLE,PERSONAL,1000
YOUNG SINGLE,PERSONAL,1000
YOUNG SINGLE,PERSONAL,1000
YOUNG SINGLE,PERSONAL,1000
YOUNG SINGLE,PERSONAL,1000
YOUNG SINGLE,PERSONAL,1000
YOUNG SINGLE,PERSONAL,1000
YOUNG SINGLE,PERSONAL,1000
YOUNG SINGLE,PERSONAL,1000
YOUNG SINGLE,PERSONAL,1000
YOUNG SINGLE,PERSONAL,1000
YOUNG SINGLE,PERSONAL,1000
YOUNG SINGLE,PERSONAL,1000
YOUNG SINGLE,PERSONAL,1000
YOUNG SINGLE,PERSONAL,1000
YOUNG SINGLE,PERSONAL,1000
YOUNG SINGLE,PERSONAL,1000
YOUNG SINGLE,PERSONAL,1000
YOUNG SINGLE,PERSONAL,1000
YOUNG SINGLE,PERSONAL,1000
YOUNG SINGLE,PERSONAL,1000
YOUNG SINGLE,PERSONAL,1000
YOUNG SINGLE,PERSONAL,1000
YOUNG SINGLE,PERSONAL,1000
YOUNG SINGLE,PERSONAL,1000
YOUNG SINGLE,PERSONAL,1000
YOUNG SINGLE,PERSONAL,1000
YOUNG SINGLE,PERSONAL,1000
YOUNG SINGLE,PERSONAL,1000
YOUNG SINGLE,PERSONAL,1000
YOUNG SINGLE,PERSONAL,1000
YOUNG SINGLE,PERSONAL,1000
YOUNG SINGLE,PERSONAL,1000
YOUNG FAMILY,PERSONAL,1000
YOUNG FAMILY,PERSONAL,1000
YOUNG FAMILY,PERSONAL,1000
YOUNG FAMILY,PERSONAL,1000
YOUNG FAMILY,PERSONAL,1000
YOUNG FAMILY,PERSONAL,1000
YOUNG FAMILY,PERSONAL,1000
YOUNG FAMILY,PERSONAL,1000
YOUNG FAMILY,PERSONAL,1000
YOUNG FAMILY,PERSONAL,1000
YOUNG FAMILY,PERSONAL,1000
YOUNG FAMILY,PERSONAL,1000
YOUNG FAMILY,PERSONAL,1000
YOUNG FAMILY,PERSONAL,1000
YOUNG FAMILY,PERSONAL,1000
YOUNG FAMILY,PERSONAL,1000
YOUNG FAMILY,PERSONAL,1000
YOUNG FAMILY,PERSONAL,1000
YOUNG FAMILY,PERSONAL,1000
YOUNG FAMILY,PERSONAL,1000
YOUNG FAMILY,PERSONAL,1000
YOUNG FAMILY,PERSONAL,1000
YOUNG FAMILY,PERSONAL,1000
YOUNG FAMILY,PERSONAL,1000
YOUNG FAMILY,PERSONAL,1000
YOUNG FAMILY,PERSONAL,1000
YOUNG FAMILY,PERSONAL,1000
YOUNG FAMILY,PERSONAL,1000
YOUNG FAMILY,PERSONAL,1000
YOUNG FAMILY,PERSONAL,1000
YOUNG FAMILY,PERSONAL,1000
YOUNG FAMILY,PERSONAL,1000
YOUNG FAMILY,PERSONAL,1000
YOUNG FAMILY,PERSONAL,1000
YOUNG FAMILY,PERSONAL,1000
YOUNG FAMILY,PERSONAL,1000
YOUNG FAMILY,PERSONAL,1000
YOUNG FAMILY,PERSONAL,1000
YOUNG FAMILY,PERSONAL,1000
YOUNG FAMILY,PERSONAL,1000
YOUNG COUPLE,PERSONAL,1000
YOUNG COUPLE,PERSONAL,1000
YOUNG COUPLE,PERSONAL,1000
YOUNG COUPLE,PERSONAL,1000
YOUNG COUPLE,PERSONAL,1000
YOUNG COUPLE,PERSONAL,1000
YOUNG COUPLE,PERSONAL,1000
YOUNG COUPLE,PERSONAL,1000
ADULT SINGLE,PERSONAL,1000
ADULT SINGLE,PERSONAL,1000
ADULT SINGLE,PERSONAL,1000
ADULT SINGLE,PERSONAL,1000
ADULT SINGLE,PERSONAL,1000
ADULT SINGLE,PERSONAL,1000
ADULT SINGLE,PERSONAL,1000
ADULT SINGLE,PERSONAL,1000
ADULT SINGLE,PERSONAL,1000
ADULT SINGLE,PERSONAL,1000
ADULT SINGLE,PERSONAL,1000
ADULT SINGLE,PERSONAL,1000
ADULT SINGLE,PERSONAL,1000
ADULT SINGLE,PERSONAL,1000
ADULT SINGLE,PERSONAL,1000
ADULT SINGLE,PERSONAL,1000
ADULT SINGLE,PERSONAL,1000
ADULT SINGLE,PERSONAL,1000
ADULT SINGLE,PERSONAL,1000
ADULT SINGLE,PERSONAL,1000
ADULT SINGLE,PERSONAL,1000
ADULT SINGLE,PERSONAL,1000
ADULT SINGLE,PERSONAL,1000
ADULT SINGLE,PERSONAL,1000
ADULT SINGLE,PERSONAL,1000
ADULT SINGLE,PERSONAL,1000
SINGLE PARENT,PERSONAL,1000
SINGLE PARENT,PERSONAL,1000
SINGLE PARENT,PERSONAL,1000
SINGLE PARENT,PERSONAL,1000
SINGLE PARENT,PERSONAL,1000
SINGLE PARENT,PERSONAL,1000
SINGLE PARENT,PERSONAL,1000
SINGLE PARENT,PERSONAL,1000
SINGLE PARENT,PERSONAL,1000
SINGLE PARENT,PERSONAL,1000
SINGLE PARENT,PERSONAL,1000
SINGLE PARENT,PERSONAL,1000
SINGLE PARENT,PERSONAL,1000
SINGLE PARENT,PERSONAL,1000
SINGLE PARENT,PERSONAL,1000
SINGLE PARENT,PERSONAL,1000
SINGLE PARENT,PERSONAL,1000
SINGLE PARENT,PERSONAL,1000
SINGLE PARENT,PERSONAL,1000
SINGLE PARENT,PERSONAL,1000
SINGLE PARENT,PERSONAL,1000
SINGLE PARENT,PERSONAL,1000
SINGLE PARENT,PERSONAL,1000
SINGLE PARENT,PERSONAL,1000
SINGLE PARENT,PERSONAL,1000
SINGLE PARENT,PERSONAL,1000
SINGLE PARENT,PERSONAL,1000
SINGLE PARENT,PERSONAL,1000
SINGLE PARENT,PERSONAL,1000
SINGLE PARENT,PERSONAL,1000
SINGLE PARENT,PERSONAL,1000
SINGLE PARENT,PERSONAL,1000
SINGLE PARENT,PERSONAL,1000
SINGLE PARENT,PERSONAL,1000
SINGLE PARENT,PERSONAL,1000
SINGLE PARENT,PERSONAL,1000
SINGLE PARENT,PERSONAL,1000
SINGLE PARENT,PERSONAL,1000
SINGLE PARENT,PERSONAL,1000
SINGLE PARENT,PERSONAL,1000
SINGLE PARENT,PERSONAL,1000
SINGLE PARENT,PERSONAL,1000
SINGLE PARENT,PERSONAL,1000
SINGLE PARENT,PERSONAL,1000
SINGLE PARENT,PERSONAL,1000
SINGLE PARENT,PERSONAL,1000
SINGLE PARENT,PERSONAL,1000
SINGLE PARENT,PERSONAL,1000
SINGLE PARENT,PERSONAL,1000
OVER 50s,BUSINESS,1000
OVER 50s,PERSONAL,1000
OVER 50s,PERSONAL,1000
OVER 50s,PERSONAL,1000
OVER 50s,PERSONAL,1000
OVER 50s,PERSONAL,1000
OVER 50s,PERSONAL,1000
OVER 50s,PERSONAL,1000
OVER 50s,PERSONAL,1000
OVER 50s,PERSONAL,1000
OVER 50s,PERSONAL,1000
OVER 50s,PERSONAL,1000
OVER 50s,PERSONAL,1000
OVER 50s,PERSONAL,1000
OVER 50s,PERSONAL,1000
OVER 50s,PERSONAL,1000
OVER 50s,PERSONAL,1000
OVER 50s,PERSONAL,1000
OVER 50s,PERSONAL,1000
OVER 50s,PERSONAL,1000
OVER 50s,PERSONAL,1000
OVER 50s,PERSONAL,1000
OVER 50s,PERSONAL,1000
OVER 50s,PERSONAL,1000
OVER 50s,PERSONAL,1000
OVER 50s,PERSONAL,1000
OVER 50s,PERSONAL,1000
OVER 50s,PERSONAL,1000
OVER 50s,PERSONAL,1000
OVER 50s,PERSONAL,1000
OVER 50s,PERSONAL,1000
OVER 50s,PERSONAL,1000
OVER 50s,PERSONAL,1000
OVER 50s,PERSONAL,1000
OVER 50s,PERSONAL,1000
OVER 50s,PERSONAL,1000
OVER 50s,PERSONAL,1000
OVER 50s,PERSONAL,1000
OVER 50s,PERSONAL,1000
OVER 50s,PERSONAL,1000
OVER 50s,PERSONAL,1000
OVER 50s,PERSONAL,1000
OVER 50s,PERSONAL,1000
OVER 50s,PERSONAL,1000
OVER 50s,PERSONAL,1000
OVER 50s,PERSONAL,1000
OVER 50s,PERSONAL,1000
OVER 50s,PERSONAL,1000
OVER 50s,PERSONAL,1000
OVER 50s,PERSONAL,1000
OVER 50s,PERSONAL,1000
OVER 50s,PERSONAL,1000
OVER 65s,BUSINESS,1000
OVER 65s,PERSONAL,1000
OVER 65s,PERSONAL,1000
OVER 65s,PERSONAL,1000
OVER 65s,PERSONAL,1000
OVER 65s,PERSONAL,1000
OVER 65s,PERSONAL,1000
OVER 65s,PERSONAL,1000
OVER 65s,PERSONAL,1000
OVER 65s,PERSONAL,1000
OVER 65s,PERSONAL,1000
OVER 65s,PERSONAL,1000
OVER 65s,PERSONAL,1000
OVER 65s,PERSONAL,1000
OVER 65s,PERSONAL,1000
OVER 65s,PERSONAL,1000
OVER 65s,PERSONAL,1000
OVER 65s,PERSONAL,1000
OVER 65s,PERSONAL,1000
OVER 65s,PERSONAL,1000
OVER 65s,PERSONAL,1000
OVER 65s,PERSONAL,1000
OVER 65s,PERSONAL,1000
OVER 65s,PERSONAL,1000
OVER 65s,PERSONAL,1000
OVER 65s,PERSONAL,1000
OVER 65s,PERSONAL,1000
OVER 65s,PERSONAL,1000
OVER 65s,PERSONAL,1000
OVER 65s,PERSONAL,1000
OVER 65s,PERSONAL,1000
OVER 65s,PERSONAL,1000
OVER 65s,PERSONAL,1000
OVER 65s,PERSONAL,1000
OVER 65s,PERSONAL,1000
OVER 65s,PERSONAL,1000
OVER 65s,PERSONAL,1000
OVER 65s,PERSONAL,1000
OVER 65s,PERSONAL,1000
OVER 65s,PERSONAL,1000
OVER 65s,PERSONAL,1000
OVER 65s,PERSONAL,1000
OVER 65s,PERSONAL,1000
OVER 65s,PERSONAL,1000
OVER 65s,PERSONAL,1000
OVER 65s,PERSONAL,1000
OVER 65s,PERSONAL,1000
OVER 65s,PERSONAL,1000
OVER 65s,PERSONAL,1000
OVER 65s,PERSONAL,1000
OVER 65s,PERSONAL,1000
OVER 65s,PERSONAL,1000
OVER 65s,PERSONAL,1000
OVER 65s,PERSONAL,1000
OVER 65s,PERSONAL,1000
OVER 65s,PERSONAL,1000
OVER 65s,PERSONAL,1000
OVER 65s,PERSONAL,1000
OVER 65s,PERSONAL,1000
OVER 65s,PERSONAL,1000
OVER 65s,PERSONAL,1000
OVER 65s,PERSONAL,1000
OVER 65s,PERSONAL,1000
OVER 65s,PERSONAL,1000
OVER 65s,PERSONAL,1000
OTHERS,PERSONAL,1000
OTHERS,PERSONAL,1000
OVER 50s,PERSONAL,986.89
SINGLE PARENT,PERSONAL,950
OVER 65s,PERSONAL,950
SINGLE PARENT,PERSONAL,928
YOUNG FAMILY,PERSONAL,900
ADULT SINGLE,PERSONAL,900
ADULT SINGLE,PERSONAL,900
ADULT SINGLE,PERSONAL,900
OVER 50s,PERSONAL,900
OVER 50s,PERSONAL,900
OVER 50s,PERSONAL,900
OVER 65s,PERSONAL,900
OVER 65s,PERSONAL,900
ADULT SINGLE,PERSONAL,890
SINGLE PARENT,PERSONAL,850
SINGLE PARENT,PERSONAL,850
OVER 65s,PERSONAL,850
YOUNG SINGLE,PERSONAL,800
YOUNG SINGLE,PERSONAL,800
YOUNG SINGLE,PERSONAL,800
YOUNG SINGLE,PERSONAL,800
YOUNG FAMILY,PERSONAL,800
YOUNG FAMILY,PERSONAL,800
YOUNG FAMILY,PERSONAL,800
ADULT SINGLE,PERSONAL,800
ADULT SINGLE,PERSONAL,800
ADULT SINGLE,PERSONAL,800
ADULT SINGLE,PERSONAL,800
ADULT SINGLE,PERSONAL,800
SINGLE PARENT,PERSONAL,800
SINGLE PARENT,PERSONAL,800
SINGLE PARENT,PERSONAL,800
SINGLE PARENT,PERSONAL,800
SINGLE PARENT,PERSONAL,800
SINGLE PARENT,PERSONAL,800
SINGLE PARENT,PERSONAL,800
OVER 50s,PERSONAL,800
OVER 50s,PERSONAL,800
OVER 50s,PERSONAL,800
OVER 50s,PERSONAL,800
OVER 50s,PERSONAL,800
OVER 50s,PERSONAL,800
OVER 50s,PERSONAL,800
OVER 50s,PERSONAL,800
OVER 50s,PERSONAL,800
OVER 65s,PERSONAL,800
OVER 65s,PERSONAL,800
OVER 65s,PERSONAL,800
OVER 65s,PERSONAL,800
OVER 65s,PERSONAL,800
OVER 65s,PERSONAL,800
OVER 65s,PERSONAL,800
OVER 65s,PERSONAL,800
OVER 65s,PERSONAL,800
OVER 65s,PERSONAL,800
OVER 65s,PERSONAL,800
OVER 65s,PERSONAL,800
OVER 65s,PERSONAL,800
OVER 65s,PERSONAL,800
OVER 65s,PERSONAL,800
OVER 65s,PERSONAL,800
OVER 65s,PERSONAL,800
OVER 65s,PERSONAL,800
SINGLE PARENT,PERSONAL,765
YOUNG SINGLE,PERSONAL,760
ADULT SINGLE,PERSONAL,760
YOUNG SINGLE,PERSONAL,750
YOUNG SINGLE,PERSONAL,750
ADULT SINGLE,PERSONAL,750
ADULT SINGLE,PERSONAL,750
ADULT SINGLE,PERSONAL,750
SINGLE PARENT,PERSONAL,750
SINGLE PARENT,PERSONAL,750
OVER 50s,PERSONAL,750
OVER 50s,PERSONAL,750
OVER 50s,PERSONAL,750
OVER 65s,PERSONAL,724
OVER 65s,PERSONAL,720
YOUNG SINGLE,PERSONAL,700
YOUNG SINGLE,PERSONAL,700
YOUNG SINGLE,PERSONAL,700
YOUNG SINGLE,PERSONAL,700
YOUNG SINGLE,PERSONAL,700
YOUNG FAMILY,PERSONAL,700
YOUNG FAMILY,PERSONAL,700
YOUNG FAMILY,PERSONAL,700
YOUNG FAMILY,PERSONAL,700
YOUNG FAMILY,PERSONAL,700
YOUNG COUPLE,PERSONAL,700
YOUNG COUPLE,PERSONAL,700
YOUNG COUPLE,PERSONAL,700
ADULT SINGLE,PERSONAL,700
ADULT SINGLE,PERSONAL,700
ADULT SINGLE,PERSONAL,700
ADULT SINGLE,PERSONAL,700
ADULT SINGLE,PERSONAL,700
ADULT SINGLE,PERSONAL,700
SINGLE PARENT,PERSONAL,700
SINGLE PARENT,PERSONAL,700
SINGLE PARENT,PERSONAL,700
SINGLE PARENT,PERSONAL,700
SINGLE PARENT,PERSONAL,700
SINGLE PARENT,PERSONAL,700
SINGLE PARENT,PERSONAL,700
SINGLE PARENT,PERSONAL,700
SINGLE PARENT,PERSONAL,700
SINGLE PARENT,PERSONAL,700
SINGLE PARENT,PERSONAL,700
SINGLE PARENT,PERSONAL,700
SINGLE PARENT,PERSONAL,700
SINGLE PARENT,PERSONAL,700
OVER 50s,PERSONAL,700
OVER 50s,PERSONAL,700
OVER 50s,PERSONAL,700
OVER 50s,PERSONAL,700
OVER 50s,PERSONAL,700
OVER 65s,PERSONAL,700
OVER 65s,PERSONAL,700
OVER 65s,PERSONAL,700
OVER 65s,PERSONAL,700
OVER 65s,PERSONAL,700
OVER 65s,PERSONAL,700
OVER 65s,PERSONAL,700
OVER 65s,PERSONAL,700
OVER 65s,PERSONAL,700
OVER 65s,PERSONAL,700
ADULT SINGLE,PERSONAL,680
SINGLE PARENT,PERSONAL,680
OVER 50s,PERSONAL,659.28
YOUNG FAMILY,PERSONAL,650
SINGLE PARENT,PERSONAL,650
SINGLE PARENT,PERSONAL,650
SINGLE PARENT,PERSONAL,650
SINGLE PARENT,PERSONAL,650
OVER 50s,PERSONAL,650
OVER 50s,PERSONAL,650
OVER 65s,PERSONAL,650
SINGLE PARENT,PERSONAL,637
SINGLE PARENT,PERSONAL,628
YOUNG SINGLE,PERSONAL,600
YOUNG SINGLE,PERSONAL,600
YOUNG SINGLE,PERSONAL,600
YOUNG SINGLE,PERSONAL,600
YOUNG SINGLE,PERSONAL,600
YOUNG SINGLE,PERSONAL,600
YOUNG SINGLE,PERSONAL,600
YOUNG SINGLE,PERSONAL,600
YOUNG FAMILY,PERSONAL,600
YOUNG FAMILY,PERSONAL,600
YOUNG FAMILY,PERSONAL,600
YOUNG FAMILY,PERSONAL,600
YOUNG FAMILY,PERSONAL,600
YOUNG FAMILY,PERSONAL,600
YOUNG FAMILY,PERSONAL,600
ADULT SINGLE,PERSONAL,600
ADULT SINGLE,PERSONAL,600
ADULT SINGLE,PERSONAL,600
ADULT SINGLE,PERSONAL,600
SINGLE PARENT,PERSONAL,600
SINGLE PARENT,PERSONAL,600
SINGLE PARENT,PERSONAL,600
SINGLE PARENT,PERSONAL,600
SINGLE PARENT,PERSONAL,600
SINGLE PARENT,PERSONAL,600
SINGLE PARENT,PERSONAL,600
SINGLE PARENT,PERSONAL,600
SINGLE PARENT,PERSONAL,600
SINGLE PARENT,PERSONAL,600
SINGLE PARENT,PERSONAL,600
SINGLE PARENT,PERSONAL,600
SINGLE PARENT,PERSONAL,600
SINGLE PARENT,PERSONAL,600
SINGLE PARENT,PERSONAL,600
SINGLE PARENT,PERSONAL,600
OVER 50s,PERSONAL,600
OVER 50s,PERSONAL,600
OVER 50s,PERSONAL,600
OVER 50s,PERSONAL,600
OVER 50s,PERSONAL,600
OVER 50s,PERSONAL,600
OVER 50s,PERSONAL,600
OVER 50s,PERSONAL,600
OVER 50s,PERSONAL,600
OVER 50s,PERSONAL,600
OVER 50s,PERSONAL,600
OVER 50s,PERSONAL,600
OVER 50s,PERSONAL,600
OVER 50s,PERSONAL,600
OVER 50s,PERSONAL,600
OVER 50s,PERSONAL,600
OVER 50s,PERSONAL,600
OVER 65s,PERSONAL,600
OVER 65s,PERSONAL,600
OVER 65s,PERSONAL,600
OVER 65s,PERSONAL,600
OVER 65s,PERSONAL,600
OVER 65s,PERSONAL,600
OVER 65s,PERSONAL,600
OVER 65s,PERSONAL,600
OVER 65s,PERSONAL,600
OVER 65s,PERSONAL,600
OVER 65s,PERSONAL,600
OVER 65s,PERSONAL,600
OVER 65s,PERSONAL,600
YOUNG FAMILY,PERSONAL,598
YOUNG SINGLE,PERSONAL,550
OVER 65s,PERSONAL,550
OVER 50s,PERSONAL,520
YOUNG FAMILY,PERSONAL,500.72
TEEN,PERSONAL,500
TEEN,PERSONAL,500
TEEN,PERSONAL,500
TEEN,PERSONAL,500
YOUNG SINGLE,PERSONAL,500
YOUNG SINGLE,PERSONAL,500
YOUNG SINGLE,PERSONAL,500
YOUNG SINGLE,PERSONAL,500
YOUNG SINGLE,PERSONAL,500
YOUNG SINGLE,PERSONAL,500
YOUNG SINGLE,PERSONAL,500
YOUNG SINGLE,PERSONAL,500
YOUNG SINGLE,PERSONAL,500
YOUNG SINGLE,PERSONAL,500
YOUNG SINGLE,PERSONAL,500
YOUNG SINGLE,PERSONAL,500
YOUNG SINGLE,PERSONAL,500
YOUNG SINGLE,PERSONAL,500
YOUNG SINGLE,PERSONAL,500
YOUNG SINGLE,PERSONAL,500
YOUNG SINGLE,PERSONAL,500
YOUNG SINGLE,PERSONAL,500
YOUNG SINGLE,PERSONAL,500
YOUNG SINGLE,PERSONAL,500
YOUNG SINGLE,PERSONAL,500
YOUNG SINGLE,PERSONAL,500
YOUNG SINGLE,PERSONAL,500
YOUNG SINGLE,PERSONAL,500
YOUNG SINGLE,PERSONAL,500
YOUNG SINGLE,PERSONAL,500
YOUNG SINGLE,PERSONAL,500
YOUNG SINGLE,PERSONAL,500
YOUNG SINGLE,PERSONAL,500
YOUNG SINGLE,PERSONAL,500
YOUNG SINGLE,PERSONAL,500
YOUNG SINGLE,PERSONAL,500
YOUNG SINGLE,PERSONAL,500
YOUNG SINGLE,PERSONAL,500
YOUNG SINGLE,PERSONAL,500
YOUNG SINGLE,PERSONAL,500
YOUNG SINGLE,PERSONAL,500
YOUNG SINGLE,PERSONAL,500
YOUNG SINGLE,PERSONAL,500
YOUNG SINGLE,PERSONAL,500
YOUNG SINGLE,PERSONAL,500
YOUNG SINGLE,PERSONAL,500
YOUNG SINGLE,PERSONAL,500
YOUNG SINGLE,PERSONAL,500
YOUNG FAMILY,PERSONAL,500
YOUNG FAMILY,PERSONAL,500
YOUNG FAMILY,PERSONAL,500
YOUNG FAMILY,PERSONAL,500
YOUNG FAMILY,PERSONAL,500
YOUNG FAMILY,PERSONAL,500
YOUNG FAMILY,PERSONAL,500
YOUNG FAMILY,PERSONAL,500
YOUNG FAMILY,PERSONAL,500
YOUNG FAMILY,PERSONAL,500
YOUNG FAMILY,PERSONAL,500
YOUNG FAMILY,PERSONAL,500
YOUNG FAMILY,PERSONAL,500
YOUNG FAMILY,PERSONAL,500
YOUNG FAMILY,PERSONAL,500
YOUNG FAMILY,PERSONAL,500
YOUNG FAMILY,PERSONAL,500
YOUNG FAMILY,PERSONAL,500
YOUNG FAMILY,PERSONAL,500
YOUNG COUPLE,PERSONAL,500
YOUNG COUPLE,PERSONAL,500
ADULT SINGLE,PERSONAL,500
ADULT SINGLE,PERSONAL,500
ADULT SINGLE,PERSONAL,500
ADULT SINGLE,PERSONAL,500
ADULT SINGLE,PERSONAL,500
ADULT SINGLE,PERSONAL,500
ADULT SINGLE,PERSONAL,500
ADULT SINGLE,PERSONAL,500
ADULT SINGLE,PERSONAL,500
ADULT SINGLE,PERSONAL,500
ADULT SINGLE,PERSONAL,500
ADULT SINGLE,PERSONAL,500
ADULT SINGLE,PERSONAL,500
ADULT SINGLE,PERSONAL,500
ADULT SINGLE,PERSONAL,500
ADULT SINGLE,PERSONAL,500
ADULT SINGLE,PERSONAL,500
ADULT SINGLE,PERSONAL,500
ADULT SINGLE,PERSONAL,500
ADULT SINGLE,PERSONAL,500
ADULT SINGLE,PERSONAL,500
ADULT SINGLE,PERSONAL,500
SINGLE PARENT,PERSONAL,500
SINGLE PARENT,PERSONAL,500
SINGLE PARENT,PERSONAL,500
SINGLE PARENT,PERSONAL,500
SINGLE PARENT,PERSONAL,500
SINGLE PARENT,PERSONAL,500
SINGLE PARENT,PERSONAL,500
SINGLE PARENT,PERSONAL,500
SINGLE PARENT,PERSONAL,500
SINGLE PARENT,PERSONAL,500
SINGLE PARENT,PERSONAL,500
SINGLE PARENT,PERSONAL,500
SINGLE PARENT,PERSONAL,500
SINGLE PARENT,PERSONAL,500
SINGLE PARENT,PERSONAL,500
SINGLE PARENT,PERSONAL,500
SINGLE PARENT,PERSONAL,500
SINGLE PARENT,PERSONAL,500
SINGLE PARENT,PERSONAL,500
SINGLE PARENT,PERSONAL,500
SINGLE PARENT,PERSONAL,500
SINGLE PARENT,PERSONAL,500
SINGLE PARENT,PERSONAL,500
SINGLE PARENT,PERSONAL,500
SINGLE PARENT,PERSONAL,500
SINGLE PARENT,PERSONAL,500
SINGLE PARENT,PERSONAL,500
SINGLE PARENT,PERSONAL,500
SINGLE PARENT,PERSONAL,500
SINGLE PARENT,PERSONAL,500
SINGLE PARENT,PERSONAL,500
SINGLE PARENT,PERSONAL,500
SINGLE PARENT,PERSONAL,500
SINGLE PARENT,PERSONAL,500
SINGLE PARENT,PERSONAL,500
SINGLE PARENT,PERSONAL,500
SINGLE PARENT,PERSONAL,500
SINGLE PARENT,PERSONAL,500
SINGLE PARENT,PERSONAL,500
SINGLE PARENT,PERSONAL,500
SINGLE PARENT,PERSONAL,500
SINGLE PARENT,PERSONAL,500
SINGLE PARENT,PERSONAL,500
SINGLE PARENT,PERSONAL,500
SINGLE PARENT,PERSONAL,500
SINGLE PARENT,PERSONAL,500
SINGLE PARENT,PERSONAL,500
SINGLE PARENT,PERSONAL,500
OVER 50s,PERSONAL,500
OVER 50s,PERSONAL,500
OVER 50s,PERSONAL,500
OVER 50s,PERSONAL,500
OVER 50s,PERSONAL,500
OVER 50s,PERSONAL,500
OVER 50s,PERSONAL,500
OVER 50s,PERSONAL,500
OVER 50s,PERSONAL,500
OVER 50s,PERSONAL,500
OVER 50s,PERSONAL,500
OVER 50s,PERSONAL,500
OVER 50s,PERSONAL,500
OVER 50s,PERSONAL,500
OVER 50s,PERSONAL,500
OVER 50s,PERSONAL,500
OVER 50s,PERSONAL,500
OVER 50s,PERSONAL,500
OVER 50s,PERSONAL,500
OVER 50s,PERSONAL,500
OVER 50s,PERSONAL,500
OVER 50s,PERSONAL,500
OVER 50s,PERSONAL,500
OVER 50s,PERSONAL,500
OVER 50s,PERSONAL,500
OVER 50s,PERSONAL,500
OVER 50s,PERSONAL,500
OVER 50s,PERSONAL,500
OVER 50s,PERSONAL,500
OVER 50s,PERSONAL,500
OVER 50s,PERSONAL,500
OVER 50s,PERSONAL,500
OVER 50s,PERSONAL,500
OVER 50s,PERSONAL,500
OVER 50s,PERSONAL,500
OVER 50s,PERSONAL,500
OVER 50s,PERSONAL,500
OVER 50s,PERSONAL,500
OVER 50s,PERSONAL,500
OVER 50s,PERSONAL,500
OVER 50s,PERSONAL,500
OVER 50s,PERSONAL,500
OVER 50s,PERSONAL,500
OVER 50s,PERSONAL,500
OVER 50s,PERSONAL,500
OVER 50s,PERSONAL,500
OVER 50s,PERSONAL,500
OVER 50s,PERSONAL,500
OVER 50s,PERSONAL,500
OVER 50s,PERSONAL,500
OVER 50s,PERSONAL,500
OVER 50s,PERSONAL,500
OVER 50s,PERSONAL,500
OVER 50s,PERSONAL,500
OVER 50s,PERSONAL,500
OVER 50s,PERSONAL,500
OVER 50s,PERSONAL,500
OVER 50s,PERSONAL,500
OVER 65s,PERSONAL,500
OVER 65s,PERSONAL,500
OVER 65s,PERSONAL,500
OVER 65s,PERSONAL,500
OVER 65s,PERSONAL,500
OVER 65s,PERSONAL,500
OVER 65s,PERSONAL,500
OVER 65s,PERSONAL,500
OVER 65s,PERSONAL,500
OVER 65s,PERSONAL,500
OVER 65s,PERSONAL,500
OVER 65s,PERSONAL,500
OVER 65s,PERSONAL,500
OVER 65s,PERSONAL,500
OVER 65s,PERSONAL,500
OVER 65s,PERSONAL,500
OVER 65s,PERSONAL,500
OVER 65s,PERSONAL,500
OVER 65s,PERSONAL,500
OVER 65s,PERSONAL,500
OVER 65s,PERSONAL,500
OVER 65s,PERSONAL,500
OVER 65s,PERSONAL,500
OVER 65s,PERSONAL,500
OVER 65s,PERSONAL,500
OVER 65s,PERSONAL,500
OVER 65s,PERSONAL,500
OVER 65s,PERSONAL,500
OVER 65s,PERSONAL,500
OVER 65s,PERSONAL,500
OVER 65s,PERSONAL,500
OVER 65s,PERSONAL,500
OVER 65s,PERSONAL,500
OVER 65s,PERSONAL,500
OVER 65s,PERSONAL,500
OVER 65s,PERSONAL,500
OVER 65s,PERSONAL,500
OVER 65s,PERSONAL,500
OTHERS,PERSONAL,500
OTHERS,PERSONAL,500
OTHERS,PERSONAL,500
OTHERS,PERSONAL,500
OTHERS,PERSONAL,500
OTHERS,PERSONAL,500
YOUNG SINGLE,PERSONAL,497.38
SINGLE PARENT,PERSONAL,490
SINGLE PARENT,PERSONAL,487.53
YOUNG SINGLE,PERSONAL,485
OVER 50s,PERSONAL,485
ADULT SINGLE,PERSONAL,470.8
YOUNG SINGLE,PERSONAL,470
ADULT SINGLE,PERSONAL,470
YOUNG SINGLE,PERSONAL,468
SINGLE PARENT,PERSONAL,465
OVER 50s,PERSONAL,460.2
SINGLE PARENT,PERSONAL,454.7
YOUNG FAMILY,PERSONAL,454
SINGLE PARENT,PERSONAL,450
SINGLE PARENT,PERSONAL,450
SINGLE PARENT,PERSONAL,450
SINGLE PARENT,PERSONAL,450
SINGLE PARENT,PERSONAL,450
SINGLE PARENT,PERSONAL,450
SINGLE PARENT,PERSONAL,450
OVER 50s,PERSONAL,450
SINGLE PARENT,PERSONAL,448
SINGLE PARENT,PERSONAL,446
YOUNG SINGLE,PERSONAL,445
OVER 50s,PERSONAL,440
OVER 65s,PERSONAL,440
SINGLE PARENT,PERSONAL,436
YOUNG SINGLE,PERSONAL,435.59
SINGLE PARENT,PERSONAL,435
OVER 50s,PERSONAL,435
YOUNG SINGLE,PERSONAL,425
SINGLE PARENT,PERSONAL,425
YOUNG SINGLE,PERSONAL,420
OVER 50s,PERSONAL,420
YOUNG SINGLE,PERSONAL,415
OVER 50s,PERSONAL,415
OVER 50s,PERSONAL,415
TEEN,PERSONAL,400
YOUNG SINGLE,PERSONAL,400
YOUNG SINGLE,PERSONAL,400
YOUNG SINGLE,PERSONAL,400
YOUNG SINGLE,PERSONAL,400
YOUNG FAMILY,PERSONAL,400
YOUNG FAMILY,PERSONAL,400
YOUNG FAMILY,PERSONAL,400
YOUNG FAMILY,PERSONAL,400
YOUNG FAMILY,PERSONAL,400
YOUNG FAMILY,PERSONAL,400
YOUNG FAMILY,PERSONAL,400
YOUNG FAMILY,PERSONAL,400
ADULT SINGLE,PERSONAL,400
ADULT SINGLE,PERSONAL,400
ADULT SINGLE,PERSONAL,400
ADULT SINGLE,PERSONAL,400
ADULT SINGLE,PERSONAL,400
SINGLE PARENT,PERSONAL,400
SINGLE PARENT,PERSONAL,400
SINGLE PARENT,PERSONAL,400
SINGLE PARENT,PERSONAL,400
SINGLE PARENT,PERSONAL,400
SINGLE PARENT,PERSONAL,400
SINGLE PARENT,PERSONAL,400
SINGLE PARENT,PERSONAL,400
SINGLE PARENT,PERSONAL,400
SINGLE PARENT,PERSONAL,400
SINGLE PARENT,PERSONAL,400
SINGLE PARENT,PERSONAL,400
OVER 50s,PERSONAL,400
OVER 50s,PERSONAL,400
OVER 50s,PERSONAL,400
OVER 50s,PERSONAL,400
OVER 50s,PERSONAL,400
OVER 50s,PERSONAL,400
OVER 50s,PERSONAL,400
OVER 50s,PERSONAL,400
OVER 50s,PERSONAL,400
OVER 50s,PERSONAL,400
OVER 50s,PERSONAL,400
OVER 50s,PERSONAL,400
OVER 65s,PERSONAL,400
OVER 65s,PERSONAL,400
OVER 65s,PERSONAL,400
OVER 65s,PERSONAL,400
OVER 65s,PERSONAL,400
OVER 65s,PERSONAL,400
OVER 65s,PERSONAL,400
OVER 65s,PERSONAL,400
OVER 65s,PERSONAL,400
ADULT SINGLE,PERSONAL,393.68
YOUNG SINGLE,PERSONAL,390
SINGLE PARENT,PERSONAL,390
OVER 50s,PERSONAL,390
SINGLE PARENT,PERSONAL,386.32
OVER 50s,PERSONAL,380
OVER 50s,PERSONAL,375
OVER 65s,PERSONAL,375
ADULT SINGLE,PERSONAL,370
ADULT SINGLE,PERSONAL,360
OVER 50s,PERSONAL,360
YOUNG SINGLE,PERSONAL,359.28
OVER 50s,PERSONAL,352.79
YOUNG SINGLE,PERSONAL,350
YOUNG SINGLE,PERSONAL,350
YOUNG SINGLE,PERSONAL,350
YOUNG FAMILY,PERSONAL,350
ADULT SINGLE,PERSONAL,350
ADULT SINGLE,PERSONAL,350
SINGLE PARENT,PERSONAL,350
SINGLE PARENT,PERSONAL,350
SINGLE PARENT,PERSONAL,350
SINGLE PARENT,PERSONAL,350
OVER 50s,PERSONAL,350
OVER 50s,PERSONAL,350
OVER 50s,PERSONAL,350
OVER 65s,PERSONAL,350
OVER 65s,PERSONAL,350
OVER 50s,PERSONAL,344
YOUNG SINGLE,PERSONAL,340
ADULT SINGLE,PERSONAL,336
YOUNG SINGLE,PERSONAL,330
ADULT SINGLE,PERSONAL,330
OVER 50s,PERSONAL,327
SINGLE PARENT,PERSONAL,326
OVER 50s,PERSONAL,320
OVER 65s,PERSONAL,320
SINGLE PARENT,PERSONAL,317
SINGLE PARENT,PERSONAL,315
ADULT SINGLE,PERSONAL,314.97
SINGLE PARENT,PERSONAL,311
SINGLE PARENT,PERSONAL,305
TEEN,PERSONAL,300
YOUNG SINGLE,PERSONAL,300
YOUNG SINGLE,PERSONAL,300
YOUNG SINGLE,PERSONAL,300
YOUNG SINGLE,PERSONAL,300
YOUNG SINGLE,PERSONAL,300
YOUNG SINGLE,PERSONAL,300
YOUNG SINGLE,PERSONAL,300
YOUNG SINGLE,PERSONAL,300
YOUNG SINGLE,PERSONAL,300
YOUNG SINGLE,PERSONAL,300
YOUNG SINGLE,PERSONAL,300
YOUNG FAMILY,PERSONAL,300
YOUNG FAMILY,PERSONAL,300
YOUNG FAMILY,PERSONAL,300
YOUNG FAMILY,PERSONAL,300
YOUNG FAMILY,PERSONAL,300
YOUNG FAMILY,PERSONAL,300
YOUNG FAMILY,PERSONAL,300
YOUNG FAMILY,PERSONAL,300
YOUNG FAMILY,PERSONAL,300
ADULT SINGLE,PERSONAL,300
ADULT SINGLE,PERSONAL,300
ADULT SINGLE,PERSONAL,300
ADULT SINGLE,PERSONAL,300
SINGLE PARENT,PERSONAL,300
SINGLE PARENT,PERSONAL,300
SINGLE PARENT,PERSONAL,300
SINGLE PARENT,PERSONAL,300
SINGLE PARENT,PERSONAL,300
SINGLE PARENT,PERSONAL,300
SINGLE PARENT,PERSONAL,300
SINGLE PARENT,PERSONAL,300
SINGLE PARENT,PERSONAL,300
SINGLE PARENT,PERSONAL,300
SINGLE PARENT,PERSONAL,300
SINGLE PARENT,PERSONAL,300
OVER 50s,PERSONAL,300
OVER 50s,PERSONAL,300
OVER 50s,PERSONAL,300
OVER 50s,PERSONAL,300
OVER 50s,PERSONAL,300
OVER 50s,PERSONAL,300
OVER 50s,PERSONAL,300
OVER 50s,PERSONAL,300
OVER 50s,PERSONAL,300
OVER 50s,PERSONAL,300
OVER 50s,PERSONAL,300
OVER 50s,PERSONAL,300
OVER 50s,PERSONAL,300
OVER 50s,PERSONAL,300
OVER 50s,PERSONAL,300
OVER 50s,PERSONAL,300
OVER 50s,PERSONAL,300
OVER 50s,PERSONAL,300
OVER 50s,PERSONAL,300
OVER 50s,PERSONAL,300
OVER 50s,PERSONAL,300
OVER 50s,PERSONAL,300
OVER 50s,PERSONAL,300
OVER 65s,PERSONAL,300
OVER 65s,PERSONAL,300
OVER 65s,PERSONAL,300
OVER 65s,PERSONAL,300
OVER 65s,PERSONAL,300
OVER 65s,PERSONAL,300
OTHERS,PERSONAL,300
OVER 65s,PERSONAL,295
OVER 50s,PERSONAL,294.83
YOUNG SINGLE,PERSONAL,294
OVER 50s,PERSONAL,294
YOUNG SINGLE,PERSONAL,290
SINGLE PARENT,PERSONAL,290
OVER 50s,PERSONAL,287.6
SINGLE PARENT,PERSONAL,287
YOUNG SINGLE,PERSONAL,281.37
YOUNG FAMILY,PERSONAL,280
SINGLE PARENT,PERSONAL,280
OVER 50s,PERSONAL,280
SINGLE PARENT,PERSONAL,275
OVER 50s,PERSONAL,274
YOUNG SINGLE,PERSONAL,270
SINGLE PARENT,PERSONAL,270
SINGLE PARENT,PERSONAL,270
OVER 50s,PERSONAL,270
OVER 50s,PERSONAL,270
SINGLE PARENT,PERSONAL,268
SINGLE PARENT,PERSONAL,266.96
YOUNG SINGLE,PERSONAL,265
YOUNG FAMILY,PERSONAL,265
OVER 50s,PERSONAL,265
OVER 50s,PERSONAL,265
SINGLE PARENT,PERSONAL,260
ADULT SINGLE,PERSONAL,258.47
YOUNG SINGLE,PERSONAL,258.19
OVER 50s,PERSONAL,257
YOUNG SINGLE,PERSONAL,255
SINGLE PARENT,PERSONAL,255
SINGLE PARENT,PERSONAL,255
OVER 50s,PERSONAL,255
OVER 50s,PERSONAL,255
OVER 50s,PERSONAL,252
SINGLE PARENT,PERSONAL,251
TEEN,PERSONAL,250
YOUNG SINGLE,PERSONAL,250
YOUNG SINGLE,PERSONAL,250
YOUNG SINGLE,PERSONAL,250
YOUNG SINGLE,PERSONAL,250
YOUNG SINGLE,PERSONAL,250
YOUNG SINGLE,PERSONAL,250
YOUNG SINGLE,PERSONAL,250
YOUNG SINGLE,PERSONAL,250
YOUNG SINGLE,PERSONAL,250
YOUNG SINGLE,PERSONAL,250
YOUNG SINGLE,PERSONAL,250
YOUNG SINGLE,PERSONAL,250
YOUNG SINGLE,PERSONAL,250
YOUNG SINGLE,PERSONAL,250
YOUNG SINGLE,PERSONAL,250
YOUNG SINGLE,PERSONAL,250
YOUNG SINGLE,PERSONAL,250
YOUNG SINGLE,PERSONAL,250
YOUNG SINGLE,PERSONAL,250
YOUNG SINGLE,PERSONAL,250
YOUNG SINGLE,PERSONAL,250
YOUNG FAMILY,PERSONAL,250
YOUNG FAMILY,PERSONAL,250
YOUNG FAMILY,PERSONAL,250
YOUNG COUPLE,PERSONAL,250
ADULT SINGLE,PERSONAL,250
ADULT SINGLE,PERSONAL,250
ADULT SINGLE,PERSONAL,250
ADULT SINGLE,PERSONAL,250
ADULT SINGLE,PERSONAL,250
ADULT SINGLE,PERSONAL,250
ADULT SINGLE,PERSONAL,250
ADULT SINGLE,PERSONAL,250
ADULT SINGLE,PERSONAL,250
ADULT SINGLE,PERSONAL,250
ADULT SINGLE,PERSONAL,250
ADULT SINGLE,PERSONAL,250
ADULT SINGLE,PERSONAL,250
ADULT SINGLE,PERSONAL,250
ADULT SINGLE,PERSONAL,250
ADULT SINGLE,PERSONAL,250
ADULT SINGLE,PERSONAL,250
ADULT SINGLE,PERSONAL,250
SINGLE PARENT,PERSONAL,250
SINGLE PARENT,PERSONAL,250
SINGLE PARENT,PERSONAL,250
SINGLE PARENT,PERSONAL,250
SINGLE PARENT,PERSONAL,250
SINGLE PARENT,PERSONAL,250
SINGLE PARENT,PERSONAL,250
SINGLE PARENT,PERSONAL,250
SINGLE PARENT,PERSONAL,250
SINGLE PARENT,PERSONAL,250
SINGLE PARENT,PERSONAL,250
SINGLE PARENT,PERSONAL,250
SINGLE PARENT,PERSONAL,250
SINGLE PARENT,PERSONAL,250
SINGLE PARENT,PERSONAL,250
SINGLE PARENT,PERSONAL,250
SINGLE PARENT,PERSONAL,250
SINGLE PARENT,PERSONAL,250
SINGLE PARENT,PERSONAL,250
SINGLE PARENT,PERSONAL,250
SINGLE PARENT,PERSONAL,250
SINGLE PARENT,PERSONAL,250
SINGLE PARENT,PERSONAL,250
SINGLE PARENT,PERSONAL,250
SINGLE PARENT,PERSONAL,250
SINGLE PARENT,PERSONAL,250
SINGLE PARENT,PERSONAL,250
SINGLE PARENT,PERSONAL,250
SINGLE PARENT,PERSONAL,250
SINGLE PARENT,PERSONAL,250
SINGLE PARENT,PERSONAL,250
SINGLE PARENT,PERSONAL,250
OVER 50s,PERSONAL,250
OVER 50s,PERSONAL,250
OVER 50s,PERSONAL,250
OVER 50s,PERSONAL,250
OVER 50s,PERSONAL,250
OVER 50s,PERSONAL,250
OVER 50s,PERSONAL,250
OVER 50s,PERSONAL,250
OVER 50s,PERSONAL,250
OVER 50s,PERSONAL,250
OVER 50s,PERSONAL,250
OVER 50s,PERSONAL,250
OVER 50s,PERSONAL,250
OVER 50s,PERSONAL,250
OVER 50s,PERSONAL,250
OVER 50s,PERSONAL,250
OVER 50s,PERSONAL,250
OVER 50s,PERSONAL,250
OVER 50s,PERSONAL,250
OVER 65s,PERSONAL,250
OVER 65s,PERSONAL,250
OVER 65s,PERSONAL,250
OTHERS,PERSONAL,250
YOUNG SINGLE,PERSONAL,249.11
YOUNG SINGLE,PERSONAL,249
YOUNG SINGLE,PERSONAL,249
ADULT SINGLE,PERSONAL,249
YOUNG SINGLE,PERSONAL,248
SINGLE PARENT,PERSONAL,248
YOUNG SINGLE,PERSONAL,247
OVER 65s,PERSONAL,247
SINGLE PARENT,PERSONAL,245
OVER 50s,PERSONAL,243
YOUNG SINGLE,PERSONAL,240
YOUNG SINGLE,PERSONAL,240
SINGLE PARENT,PERSONAL,240
OVER 50s,PERSONAL,240
OVER 50s,PERSONAL,240
OVER 65s,PERSONAL,240
OVER 50s,PERSONAL,239.2
YOUNG COUPLE,PERSONAL,239
OVER 50s,PERSONAL,237
SINGLE PARENT,PERSONAL,236.1
YOUNG SINGLE,PERSONAL,235
SINGLE PARENT,PERSONAL,235
SINGLE PARENT,PERSONAL,232.44
YOUNG FAMILY,PERSONAL,230
ADULT SINGLE,PERSONAL,230
OTHERS,PERSONAL,230
ADULT SINGLE,PERSONAL,218
OVER 50s,PERSONAL,215
SINGLE PARENT,PERSONAL,210.54
SINGLE PARENT,PERSONAL,207
YOUNG SINGLE,PERSONAL,200
YOUNG SINGLE,PERSONAL,200
YOUNG SINGLE,PERSONAL,200
YOUNG SINGLE,PERSONAL,200
YOUNG SINGLE,PERSONAL,200
YOUNG SINGLE,PERSONAL,200
YOUNG SINGLE,PERSONAL,200
YOUNG SINGLE,PERSONAL,200
YOUNG SINGLE,PERSONAL,200
YOUNG SINGLE,PERSONAL,200
YOUNG SINGLE,PERSONAL,200
YOUNG FAMILY,PERSONAL,200
YOUNG FAMILY,PERSONAL,200
YOUNG FAMILY,PERSONAL,200
ADULT SINGLE,PERSONAL,200
ADULT SINGLE,PERSONAL,200
ADULT SINGLE,PERSONAL,200
SINGLE PARENT,PERSONAL,200
SINGLE PARENT,PERSONAL,200
SINGLE PARENT,PERSONAL,200
SINGLE PARENT,PERSONAL,200
SINGLE PARENT,PERSONAL,200
OVER 50s,PERSONAL,200
OVER 50s,PERSONAL,200
OVER 50s,PERSONAL,200
OVER 50s,PERSONAL,200
OVER 50s,PERSONAL,200
OVER 50s,PERSONAL,200
OVER 50s,PERSONAL,200
OVER 50s,PERSONAL,200
OVER 50s,PERSONAL,200
OVER 50s,PERSONAL,200
OVER 65s,PERSONAL,200
OVER 65s,PERSONAL,200
OVER 65s,PERSONAL,200
OVER 65s,PERSONAL,200
OVER 65s,PERSONAL,200
OVER 65s,PERSONAL,200
OVER 65s,PERSONAL,200
OVER 65s,PERSONAL,200
OVER 65s,PERSONAL,200
OVER 65s,PERSONAL,200
OVER 65s,PERSONAL,200
OVER 65s,PERSONAL,200
YOUNG FAMILY,PERSONAL,190
OVER 50s,PERSONAL,190
OVER 65s,PERSONAL,170
OVER 65s,PERSONAL,160
YOUNG SINGLE,PERSONAL,150
YOUNG SINGLE,PERSONAL,150
YOUNG FAMILY,PERSONAL,150
YOUNG FAMILY,PERSONAL,150
ADULT SINGLE,PERSONAL,150
SINGLE PARENT,PERSONAL,150
SINGLE PARENT,PERSONAL,150
OVER 50s,PERSONAL,150
OVER 65s,PERSONAL,150
OVER 65s,PERSONAL,150
OTHERS,PERSONAL,150
SINGLE PARENT,PERSONAL,140
SINGLE PARENT,PERSONAL,140
OVER 65s,PERSONAL,120
YOUNG SINGLE,PERSONAL,100
YOUNG SINGLE,PERSONAL,100
YOUNG FAMILY,PERSONAL,100
YOUNG FAMILY,PERSONAL,100
ADULT SINGLE,PERSONAL,100
ADULT SINGLE,PERSONAL,100
ADULT SINGLE,PERSONAL,100
OVER 50s,PERSONAL,100
OVER 50s,PERSONAL,100
OVER 50s,PERSONAL,100
OVER 50s,PERSONAL,100
OVER 50s,PERSONAL,100
OVER 50s,PERSONAL,100
OVER 50s,PERSONAL,100
OTHERS,PERSONAL,100
SINGLE PARENT,PERSONAL,80
OVER 65s,PERSONAL,60
ADULT SINGLE,PERSONAL,0
ADULT SINGLE,PERSONAL,0
ADULT SINGLE,PERSONAL,0
ADULT SINGLE,PERSONAL,0
SINGLE PARENT,PERSONAL,0
SINGLE PARENT,PERSONAL,0
OVER 50s,PERSONAL,0
OVER 50s,PERSONAL,0
OVER 50s,PERSONAL,0
OVER 50s,PERSONAL,0
OVER 65s,PERSONAL,0
OTHERS,PERSONAL,0
